news_type,title,date,all_contents,contents,image_url,news_url,editor,press
today_main_news,"尹대통령, G20 정상외교 시동…프놈펜서 발리 향발",2022-11-13,"기사내용 요약
金여사, 두 손 모아 캄보디아식 인사
[프놈펜=뉴시스] 홍효식 기자 = 윤석열 대통령과 부인 김건희 여사가 13일(현지시간) 프놈펜 국제공항에서 G20 정상회의 참석을 위해 인도네시아 발리로 향하는 공군 1호기에 올라 인사하고 있다. 2022.11.13. yesphoto@newsis.com


[서울=뉴시스] 양소리 기자 = 윤석열 대통령은 13일 오후 6시30분께(현지시간) 캄보디아 프놈펜에서 인도네시아 발리로 떠나는 전용기에 탑승했다.

프놈펜에서 열린 아세안(ASEAN·동남아국가연합) 정상회의, 동아시아 정상회의(EAS)를 마무리하고 주요 20개국(G20) 정상회의가 열리는 발리로 이동하기 위해서다.

프놈펜 공항 출발 행사에는 캄보디아 측의 응 깐타 파비 여성부 장관과 박흥경 주캄보디아 대사 내외가 참석했다.

윤 대통령은 앞서 정상회담에서 입었던 검정 정장과 스트라이프 넥타이를 착용한 채다.

김건희 여사는 상아색 반팔 퍼프 블라우스와 무릎 아래까지 A라인으로 떨어지는 밝은 베이지색 치마를 입었다. 김 여사는 두 손을 모아 고개를 숙이는 캄보디아식 인사로 감사를 표했다.

윤 대통령은 프놈펜에서 미국·일본과 잇따른 양자·다자 회담을 마친 뒤 3국 정상의 공동성명, 일명 '프놈펜 성명'을 채택했다.

3국은 프놈펜 성명을 통해 대북 확장억제를 더욱 강화하고 북한 미사일에 관한 실시간 정보공유를 약속했다.

윤 대통령은 G20 정상회의가 진행되는 발리에서 경제 리더들의 행사인 B20 서밋의 기조연설을 할 예정이다.

이어 한·인도네시아 비즈니스 라운드테이블을 통해 경제 협력을 논의할 계획이다.","기사내용 요약 金여사, 두 손 모아 캄보디아식 인사 = 윤석열 대통령과 부인 김건희 여사가 13일(현지시간) 프놈펜 국제공항에서 G20 정상회의 참석을 위해 인도네시아 발리로 향하는 공군 1호기에 올라 인사하고 있다. 2022.11.13. = 윤석열 대통령은 13일 오후 6시30분께(현지시간) 캄보디아 프놈펜에서 인도네시아 발리로 떠나는 전용기에 탑승했다. 프놈펜에서 열린 아세안(ASEAN·동남아국가연합) 정상회의, 동아시아 정상회의(EAS)를 마무리하고 주요 20개국(G20) 정상회의가 열리는 발리로 이동하기 위해서다. 프놈펜 공항 출발 행사에는 캄보디아 측의 응 깐타 파비 여성부 장관과 박흥경 주캄보디아 대사 내외가 참석했다. 윤 대통령은 앞서 정상회담에서 입었던 검정 정장과 스트라이프 넥타이를 착용한 채다. 김건희 여사는 상아색 반팔 퍼프 블라우스와 무릎 아래까지 A라인으로 떨어지는 밝은 베이지색 치마를 입었다. 김 여사는 두 손을 모아 고개를 숙이는 캄보디아식 인사로 감사를 표했다. 윤 대통령은 프놈펜에서 미국·일본과 잇따른 양자·다자 회담을 마친 뒤 3국 정상의 공동성명, 일명 '프놈펜 성명'을 채택했다. 3국은 프놈펜 성명을 통해 대북 확장억제를 더욱 강화하고 북한 미사일에 관한 실시간 정보공유를 약속했다. 윤 대통령은 G20 정상회의가 진행되는 발리에서 경제 리더들의 행사인 B20 서밋의 기조연설을 할 예정이다. 이어 한·인도네시아 비즈니스 라운드테이블을 통해 경제 협력을 논의할 계획이다.",https://imgnews.pstatic.net/image/003/2022/11/13/NISI20221113_0019460795_web_20221113212429_20221113215706048.jpg?type=w647,https://n.news.naver.com/mnews/ranking/article/003/0011533690?ntype=RANKING&sid=001,양소리 기자,뉴시스
today_main_news,"경제 전문가 10명 중 5명 ""韓, 2008년 금융위기와 유사하거나 더 어렵다""",2022-11-13,"경총, 경제 상황 조사…어려운 원인으로 글로벌 경제·정치 리스크 꼽혀
경제 전문가 10명 중 5명은 한국 경제가 2008년 금융위기 때와 유사하거나 더 어렵다고 보는 것으로 나타났다.

13일 한국경영자총협회가 경제전문가(경제·경영학과 교수 204명, 응답자 기준)를 대상으로 한 '최근 경제 상황과 주요 현안' 조사에 따르면 응답자의 52.7%가 현 경제 상황에 대해 '2008년 금융위기 때와 유사하거나 더 어렵다'고 진단했다.

또 내년 우리 경제성장률이 2.0% 이하일 것이라는 응답이 79.4%에 달했으며, 우리 경제가 정상궤도로 회복되는 시점은 2024년 이후로 예상(77.9%)했다.

경총 전경 [사진=경총]


지난 1997년 외환위기 및 2008년 금융위기 때와 비교한 설문에서 응답자의 52.7%는 지금 우리 경제가 ""2008년 글로벌 금융위기 때와 유사하거나 더 어려운 상황""이라고 답했다. 지금이 IMF 외환위기나 글로벌 금융위기 때 정도로 어려운 상황은 아니라는 응답은 47.3%로 나타났다.

응답자의 57.4%는 최근 우리 경제가 어려운 주된 원인을 '러-우 전쟁, 미-중 패권 다툼, 에너지 가격 같은 전세계적인 경제·정치 리스크'라고 지적했다. 그 다음으로 '대외 의존적인 우리 경제·산업 구조'라는 응답은 24.0%였고, '정책당국의 신속한 위기 대응 미흡'이라는 응답은 11.3%로 나타났다.

응답자들의 79.4%는 내년 우리 경제성장률을 2.0% 이하로 전망했으며 '2.0% 초과 ~ 2.5% 이하' 응답은 20.6%에 그쳤다. 내년 성장률이 2.5%를 넘어설 것이라는 응답은 나오지 않았다. 내년 우리 경제성장률 전망치의 평균은 1.87%로 나타났다.

현 경제 상황 인식 [사진=전경련]


우리 경제가 정상궤도로 회복되는 시점에 대해 '2024년'이라는 응답이 53.9%, '2025년 이후'라는 응답도 24.0%에 달해 응답자의 77.9%가 회복 시점을 2024년 이후로 전망했다. '내년(2023년)에 회복될 것'이란 응답은 22.1%에 불과했다.

응답자들의 47.1%는 최근의 높은 물가 상승세가 당분간 이어지면서 내년(2023년) 1분기에 정점에 이를 것으로 전망했다.

경총은 ""최근 러시아-우크라이나 사태 지속, 산유국의 원유 감산 결정, 달러화 강세 같은 요인들로 인해 우리 물가 상승세가 좀 더 장기화될 것으로 판단했기 때문으로 추정된다""고 말했다.","경총, 경제 상황 조사…어려운 원인으로 글로벌 경제·정치 리스크 꼽혀 경제 전문가 10명 중 5명은 한국 경제가 2008년 금융위기 때와 유사하거나 더 어렵다고 보는 것으로 나타났다. 13일 한국경영자총협회가 경제전문가(경제·경영학과 교수 204명, 응답자 기준)를 대상으로 한 '최근 경제 상황과 주요 현안' 조사에 따르면 응답자의 52.7%가 현 경제 상황에 대해 '2008년 금융위기 때와 유사하거나 더 어렵다'고 진단했다. 또 내년 우리 경제성장률이 2.0% 이하일 것이라는 응답이 79.4%에 달했으며, 우리 경제가 정상궤도로 회복되는 시점은 2024년 이후로 예상(77.9%)했다. 경총 전경 지난 1997년 외환위기 및 2008년 금융위기 때와 비교한 설문에서 응답자의 52.7%는 지금 우리 경제가 ""2008년 글로벌 금융위기 때와 유사하거나 더 어려운 상황""이라고 답했다. 지금이 IMF 외환위기나 글로벌 금융위기 때 정도로 어려운 상황은 아니라는 응답은 47.3%로 나타났다. 응답자의 57.4%는 최근 우리 경제가 어려운 주된 원인을 '러-우 전쟁, 미-중 패권 다툼, 에너지 가격 같은 전세계적인 경제·정치 리스크'라고 지적했다. 그 다음으로 '대외 의존적인 우리 경제·산업 구조'라는 응답은 24.0%였고, '정책당국의 신속한 위기 대응 미흡'이라는 응답은 11.3%로 나타났다. 응답자들의 79.4%는 내년 우리 경제성장률을 2.0% 이하로 전망했으며 '2.0% 초과 ~ 2.5% 이하' 응답은 20.6%에 그쳤다. 내년 성장률이 2.5%를 넘어설 것이라는 응답은 나오지 않았다. 내년 우리 경제성장률 전망치의 평균은 1.87%로 나타났다. 현 경제 상황 인식 우리 경제가 정상궤도로 회복되는 시점에 대해 '2024년'이라는 응답이 53.9%, '2025년 이후'라는 응답도 24.0%에 달해 응답자의 77.9%가 회복 시점을 2024년 이후로 전망했다. '내년(2023년)에 회복될 것'이란 응답은 22.1%에 불과했다. 응답자들의 47.1%는 최근의 높은 물가 상승세가 당분간 이어지면서 내년(2023년) 1분기에 정점에 이를 것으로 전망했다. 경총은 ""최근 러시아-우크라이나 사태 지속, 산유국의 원유 감산 결정, 달러화 강세 같은 요인들로 인해 우리 물가 상승세가 좀 더 장기화될 것으로 판단했기 때문으로 추정된다""고 말했다.",https://imgnews.pstatic.net/image/031/2022/11/13/0000710016_001_20221113120101200.jpg?type=w647,https://n.news.naver.com/mnews/ranking/article/031/0000710016?ntype=RANKING&sid=001,민혜정 기자,아이뉴스24
today_main_news,"미군 '비밀 무인 우주선' X-37B, 2년 6개월 비행 마치고 귀환",2022-11-13,"미군의 비밀 무인 우주선인 X-37B가 2년 6개월간의 비행 임무를 마치고 귀환했습니다.

우주선을 개발한 보잉은 성명에서 임무를 마친 X-37B가 플로리다주 케네디 우주센터에 무사히 착륙했다고 발표했습니다.

지난 2020년 5월 발사된 X-37B는 이번 6차 임무에서 908일간 궤도 비행에 성공해 신기록을 세웠습니다.

미 우주군이 운용하는 X-37B는 태양광을 동력으로 하는 원격조정 무인 비행체로 크기는 일반 우주선의 4분의 1 수준이지만, 지구 궤도에 떠서 비행한 시간은 모두 3천774일로, 10년을 넘겼습니다.

※ '당신의 제보가 뉴스가 됩니다'
[카카오톡] YTN 검색해 채널 추가
[전화] 02-398-8585
[메일] social@ytn.co.kr","미군의 비밀 무인 우주선인 X-37B가 2년 6개월간의 비행 임무를 마치고 귀환했습니다. 우주선을 개발한 보잉은 성명에서 임무를 마친 X-37B가 플로리다주 케네디 우주센터에 무사히 착륙했다고 발표했습니다. 지난 2020년 5월 발사된 X-37B는 이번 6차 임무에서 908일간 궤도 비행에 성공해 신기록을 세웠습니다. 미 우주군이 운용하는 X-37B는 태양광을 동력으로 하는 원격조정 무인 비행체로 크기는 일반 우주선의 4분의 1 수준이지만, 지구 궤도에 떠서 비행한 시간은 모두 3천774일로, 10년을 넘겼습니다. ※ '당신의 제보가 뉴스가 됩니다' YTN 검색해 채널 추가 02-398-8585",https://imgnews.pstatic.net/image/052/2022/11/13/202211131417040439_t_20221113142102073.jpg?type=w647,https://n.news.naver.com/mnews/ranking/article/052/0001813061?ntype=RANKING&sid=001,이승훈 기자,YTN
today_main_news,“광고 엄청 나오더니 벌써 질렸다?” 배달의민족 천하 ‘이 분’도 쩔쩔,2022-11-13,"지난 7월 가수 싸이를 기용한 TV 광고를 공개하며 공격적인 마케팅을 벌였던 신한은행 배달앱 '땡겨요' 성장세가 주춤한 것으로 나타났다. 사진은 '땡겨요' 공식 광고 영상. [신한은행 유튜브[


[헤럴드경제=박지영 기자] “신한은행 배달앱 광고는 잘 됐는데…사람들 벌써 떠난다?”

배달업계 ‘메기’로 큰 주목을 받았던 신한은행의 배달 앱(애플리케이션) ‘땡겨요’가 주춤하고 있다. 지난 7월 가수 싸이를 기용한 광고를 내보내며 대대적인 마케팅을 펼쳐 100만명의 가입자를 모으는데는 성공했지만, 배달의민족이나 요기요 등 업계 강자에 익숙해진 소비자들을 붙잡기에는 역부족이라는 지적이 나온다.

13일 데이터 분석 플랫폼 모바일인덱스에 따르면 지난 10월 땡겨요 앱 월간활성이용자수(MAU)는 57만 4000여명으로 전달(57만 8000명) 대비 감소했다. MAU가 가장 높았던 8월(58만 8000명)과 비교하면 약 1만 4000명 이상 줄었다.

반면 업계 1, 2위 배달의민족과 요기요는 10월 MAU가 전달 대비 상승했다. 배달의민족 MAU는 9월 1956만 3000명에서 10월 1992만 9000명으로 36만명 늘었다. 요기요 MAU는 같은 기간 653만명에서 667만명으로 14만명 증가했다.

배달앱 땡겨요 월간활성이용자수 추이 [자료 모바일인덱스]


땡겨요는 지난 1월 정식 출시했다. 지난 6월 까지만 해도 MAU가 10만명 선에서 머물렀다. 그러다 7월 공격적인 마케팅으로 입소문을 탔다. 업계 1위 ‘배달의민족’을 저격한 TV 광고가 대표적이다. 광고 2개 유튜브 누적 조회수 1000만회를 달성했다. 업계 최저 수준인 2.2% 중개 수수료로 ‘착한 배달’을 내세웠으며, 서울사랑상품권을 사용해 가격 부담을 낮출 수 있다는 것도 장점으로 꼽혔다.

하지만 배달 ‘앱’으로서 경쟁력이 뒤진다는 평가다. 특히 배달 앱은 다양한 음식 선택지가 관건인데 ‘땡겨요’ 입점 음식점 수는 4만 곳이 넘는 수준이다. 배달의민족과 요기요는 이미 20만 여곳이 넘는 음식점이 들어와 있다. 앱 안정성도 떨어진다. 구글 플레이스토어에는 ‘네트워크 오류’, ‘피크 시간대 접속 장애 메시지’, ‘픽업 메시지 오류’ 등 땡겨요 앱 시스템 문제를 지적하는 사용자 후기가 다수 올라와 있다.

다만 신한은행 ‘땡겨요’가 비금융 데이터 확보, 디지털 고객 기반 확장을 목표로 출시된 만큼 기존 배달 플랫폼과 직접 비교하기는 어렵다는 지적도 나온다. ‘땡겨요’는 현재 땡겨요 적금, 땡겨요 라이더·음식점주 대상 대출, 땡겨요 신용·체크 카드 등 배달 앱과 연계한 금융 서비스를 제공 중이다.

신한은행 관계자는 “‘땡겨요’는 금융권 최초 배달 앱으로서 소상공인과 상생을 추구하고 있다”며 “낮은 수수료, 빠른 정산, 광고 없는 리뷰 기반 추천 등 이용자 친화적인 서비스를 지속적으로 선보이고 금융-비금융을 연결해 새로운 금융을 실천하겠다”고 말했다.","지난 7월 가수 싸이를 기용한 TV 광고를 공개하며 공격적인 마케팅을 벌였던 신한은행 배달앱 '땡겨요' 성장세가 주춤한 것으로 나타났다. 사진은 '땡겨요' 공식 광고 영상. [신한은행 유튜브[ “신한은행 배달앱 광고는 잘 됐는데…사람들 벌써 떠난다?” 배달업계 ‘메기’로 큰 주목을 받았던 신한은행의 배달 앱(애플리케이션) ‘땡겨요’가 주춤하고 있다. 지난 7월 가수 싸이를 기용한 광고를 내보내며 대대적인 마케팅을 펼쳐 100만명의 가입자를 모으는데는 성공했지만, 배달의민족이나 요기요 등 업계 강자에 익숙해진 소비자들을 붙잡기에는 역부족이라는 지적이 나온다. 13일 데이터 분석 플랫폼 모바일인덱스에 따르면 지난 10월 땡겨요 앱 월간활성이용자수(MAU)는 57만 4000여명으로 전달(57만 8000명) 대비 감소했다. MAU가 가장 높았던 8월(58만 8000명)과 비교하면 약 1만 4000명 이상 줄었다. 반면 업계 1, 2위 배달의민족과 요기요는 10월 MAU가 전달 대비 상승했다. 배달의민족 MAU는 9월 1956만 3000명에서 10월 1992만 9000명으로 36만명 늘었다. 요기요 MAU는 같은 기간 653만명에서 667만명으로 14만명 증가했다. 배달앱 땡겨요 월간활성이용자수 추이 땡겨요는 지난 1월 정식 출시했다. 지난 6월 까지만 해도 MAU가 10만명 선에서 머물렀다. 그러다 7월 공격적인 마케팅으로 입소문을 탔다. 업계 1위 ‘배달의민족’을 저격한 TV 광고가 대표적이다. 광고 2개 유튜브 누적 조회수 1000만회를 달성했다. 업계 최저 수준인 2.2% 중개 수수료로 ‘착한 배달’을 내세웠으며, 서울사랑상품권을 사용해 가격 부담을 낮출 수 있다는 것도 장점으로 꼽혔다. 하지만 배달 ‘앱’으로서 경쟁력이 뒤진다는 평가다. 특히 배달 앱은 다양한 음식 선택지가 관건인데 ‘땡겨요’ 입점 음식점 수는 4만 곳이 넘는 수준이다. 배달의민족과 요기요는 이미 20만 여곳이 넘는 음식점이 들어와 있다. 앱 안정성도 떨어진다. 구글 플레이스토어에는 ‘네트워크 오류’, ‘피크 시간대 접속 장애 메시지’, ‘픽업 메시지 오류’ 등 땡겨요 앱 시스템 문제를 지적하는 사용자 후기가 다수 올라와 있다. 다만 신한은행 ‘땡겨요’가 비금융 데이터 확보, 디지털 고객 기반 확장을 목표로 출시된 만큼 기존 배달 플랫폼과 직접 비교하기는 어렵다는 지적도 나온다. ‘땡겨요’는 현재 땡겨요 적금, 땡겨요 라이더·음식점주 대상 대출, 땡겨요 신용·체크 카드 등 배달 앱과 연계한 금융 서비스를 제공 중이다. 신한은행 관계자는 “‘땡겨요’는 금융권 최초 배달 앱으로서 소상공인과 상생을 추구하고 있다”며 “낮은 수수료, 빠른 정산, 광고 없는 리뷰 기반 추천 등 이용자 친화적인 서비스를 지속적으로 선보이고 금융-비금융을 연결해 새로운 금융을 실천하겠다”고 말했다.",https://imgnews.pstatic.net/image/016/2022/11/13/20221113000113_0_20221113204501415.jpg?type=w647,https://n.news.naver.com/mnews/ranking/article/016/0002064933?ntype=RANKING&sid=001,박지영 기자,헤럴드경제
today_main_news,"정용진, 야구 우승기념 대규모 ‘쓱세일’ 예고...“업무에 참고하세요”",2022-11-13,"[사진 제공 = 정용진 신세계 부회장 인스타그램 캡처]
이마트가 SSG랜더스의 한국시리즈 우승을 기념해 대규모 행사 ‘쓱세일’을 예고했다.

13일 업계에 따르면 이마트는 오는 18일부터 20일까지 사흘 동안 KBO리그통합우승 쓱세일을 진행한다.

SSG랜더스 구단주인 정용진 신세계 부회장도 이날 “업무에 참고하시기 바랍니다”며 쓱세일 포스터를 사회관계망서비스(SNS)에 공개했다.

정 구단주의 전폭적인 지원으로 SSG랜더스가 우승 목표를 달성한 만큼 관련 업계는 신세계그룹이 대규모 세일 행사를 기획할 것으로 예상하고 있다.

앞서 8일 SSG랜더스는 인천 SSG 랜더스필드에서 열린 포스트시즌 한국시리즈 6차전에서 4대 3으로 키움을 꺾고 시리즈 전적 4승 2패로 우승을 차지했다.

정 구단주는 우승에 대한 벅찬 감격을 SNS를 통해 여러 사진과 함께 그대로 표출했다. 정 구단주는 눈시울을 붉힌 채 선수들의 축하를 받는 사진을 올리며 ‘드디어 상륙’이라고 기쁨을 나눴다.",이마트가 SSG랜더스의 한국시리즈 우승을 기념해 대규모 행사 ‘쓱세일’을 예고했다. 13일 업계에 따르면 이마트는 오는 18일부터 20일까지 사흘 동안 KBO리그통합우승 쓱세일을 진행한다. SSG랜더스 구단주인 정용진 신세계 부회장도 이날 “업무에 참고하시기 바랍니다”며 쓱세일 포스터를 사회관계망서비스(SNS)에 공개했다. 정 구단주의 전폭적인 지원으로 SSG랜더스가 우승 목표를 달성한 만큼 관련 업계는 신세계그룹이 대규모 세일 행사를 기획할 것으로 예상하고 있다. 앞서 8일 SSG랜더스는 인천 SSG 랜더스필드에서 열린 포스트시즌 한국시리즈 6차전에서 4대 3으로 키움을 꺾고 시리즈 전적 4승 2패로 우승을 차지했다. 정 구단주는 우승에 대한 벅찬 감격을 SNS를 통해 여러 사진과 함께 그대로 표출했다. 정 구단주는 눈시울을 붉힌 채 선수들의 축하를 받는 사진을 올리며 ‘드디어 상륙’이라고 기쁨을 나눴다.,https://imgnews.pstatic.net/image/009/2022/11/13/0005044498_001_20221113211001061.jpg?type=w647,https://n.news.naver.com/mnews/ranking/article/009/0005044498?ntype=RANKING&sid=001,전종헌 기자,매일경제
section_politics,"""국조·특검받아라"" 장외 투쟁 나선 野…""참사 정쟁화"" 반발도",2022-11-13,"전국서 국정조사·특검추진 서명운동 발대식
박찬대 ""법적 책임 넘어 정치적 책임 물어야""
오는 24일 '국정조사 계획서' 제출전 막판 협상
與 ""대장동 의혹 이재명 방탄에 국민 이용"" 비판
[이데일리 이수빈 기자] 더불어민주당이 이태원 참사의 국정조사와 특별검사(특검)를 촉구하는 장외 투쟁에 나서며 진상규명을 둘러싼 여야의 강대 강 대치가 극으로 치닫고 있다. 민주당은 정부책임론을 지적하는 여론전을 펼치는 동시에 진보 진영 재야세력을 총동원해 국정조사를 통한 법적·정치적 책임을 물을 수 있도록 강경투쟁을 이어나갈 계획이다. 반면 국민의힘은 “특별수사본부와 검찰의 수사 결과를 우선 지켜봐야 한다”는 입장을 되풀이하며, ‘이재명 대표 방탄’을 위해 민주당이 무리수를 두고 있다고 비판하고 나섰다. 오는 24일 국회 본회의에서 국정조사 계획서가 채택될 때까지 여야 간 치열한 각축전이 예상된다.

이재명(오른쪽에서 다섯번째) 더불어민주당 대표가 11일 오후 서울 여의도역 인근에서 열린 이태원참사 국정조사·특검 추진 범국민 서명운동 발대식에서 발언하고 있다.(사진=뉴시스)
전국 거점에서 서명운동 진행…24일까지 원내 합의 가능성도

13일 정치권에 따르면 민주당은 오는 14일부터 18일까지 전국 각지에서 국민서명운동본부 발대식을 진행한다. 앞서 지난 11일 여의도역 인근에서 ‘이태원 참사 국정조사·특검추진 범국민 서명운동 발대식’을 열고 서명운동을 시작했다. 이 자리에서 이 대표는 “정부와 여당이 진상 규명에 협조적이지 않고 오히려 반대하고 있기 때문에 이제 국민의 도움을 받아서 직접 진상 규명을 위한 노력을 해야 될 때가 됐다”고 목소리를 높였다. 용산 이태원 참사 대책본부방인 박찬대 민주당 최고위원은 12일 용산역 광장에서 진행한 서울 국민서명운동본부 발대식에서 “법적 책임만 묻는 게 아니라 정치 도의적 책임까지 모두 물어야 한다”고 힘줘 말했다.

이처럼 민주당이 원내 협상에서 그치지 않고 장외 투쟁에 나선 것은 그동안 야당 단독으로 국정조사를 추진한 적이 없는 만큼 여론전을 통해 역풍을 피하려는 시도로 풀이된다.

다만 24일 국정조사 계획서 채택 시한까지 원내에서도 국민의힘과 협의를 이어간다는 방침이다. 당내 관계자는 13일 이데일리와 통화에서 “끝까지 여당을 설득해서 (국정조사를) 합의 처리하는 게 원칙”이라고 말했다. 다만 여당과 협의 가능성에 대해선 “(여당) 원내 지도부는 예민하게 받아들이는 것 같은데 소위 ‘윤핵관’(윤석열 대통령 핵심 관계자)측이 지도부를 흔들고 있는 것 같다”며 “버틸 수 있을지 모르겠다”고 지적했다.

장외투쟁·특검 ‘강성 모드’ 우려…與 “수사 지켜보자”

민주당 내에서는 장외 투쟁이나 특검 추진 등 진상조사를 둘러싼 강경 대응 분위기를 우려하는 목소리도 나온다. 대장동 의혹과 관련해 이 대표를 둘러싼 검찰의 수사 압박이 갈수록 거세지는 상황에서 장외투쟁 등 강경 대응에 나선 것이 자칫 무리수로 비춰질 수 있어서다.

참사를 정쟁에 이용한다는 비판도 민주당으로선 부담이다. 민주당 한 재선 의원은 “국정조사에 힘을 모아야 하는데 특검까지 서명운동 요구사항에 들어가니 정쟁으로 보이는 것”이라고 말했다.

한 중진 의원도 “국정조사 요구 정도만 했어도 수사를 더 꼼꼼하게 하도록 하는 압박이 있다”며 “장외까지 나간 건 너무 간 것”이라고 비판의 목소리를 냈다. 앞서 11일 여의도역 앞에서 서명운동 발대식을 진행할 때 한 시민은 “당신들이나 (정쟁에) 이용하지 마”라고 외치기도 했다.

국민의힘은 당장은 특별수사본부와 검찰의 수사 결과를 기다린다는 입장이다. 주호영 국민의힘 원내대표는 지난 11일 “우리는 일관되게 강제력을 동원한 신속한 수사로 진실을 밝힐 수 있는 것이지, 정치적 공방과 일방적 주장은 오히려 사태 수습과 재발방지에 도움이 되지 않는다(고 본다)”고 말했다.

또 여권은 민주당의 장외 투쟁에 진상규명이 아닌 다른 의도가 숨겨져 있다고 반박하기도 했다. 장동혁 국민의힘 원내대변인은 “169석으로는 이재명 대표를 지킬 힘이 부족하자 이제 국민들까지 이재명 대표 방탄에 이용하고자 한다는 것”이라며 “손가락질 받을 것을 뻔히 알면서도 가면을 뒤집어쓰고 길거리로 나서야만 하는 이 대표와 민주당이 참으로 안쓰럽다”고 일갈했다.

다만 국민의힘도 계속 야당의 압박에 국정조사 참여를 고민하는 모양새다. 주 원내대표는 14일 비공개 간담회를 열고 당내 중진 의원들과 이태원 참사 국정조사에 대해 논의할 것으로 알려졌다.","전국서 국정조사·특검추진 서명운동 발대식 박찬대 ""법적 책임 넘어 정치적 책임 물어야"" 오는 24일 '국정조사 계획서' 제출전 막판 협상 與 ""대장동 의혹 이재명 방탄에 국민 이용"" 비판 더불어민주당이 이태원 참사의 국정조사와 특별검사(특검)를 촉구하는 장외 투쟁에 나서며 진상규명을 둘러싼 여야의 강대 강 대치가 극으로 치닫고 있다. 민주당은 정부책임론을 지적하는 여론전을 펼치는 동시에 진보 진영 재야세력을 총동원해 국정조사를 통한 법적·정치적 책임을 물을 수 있도록 강경투쟁을 이어나갈 계획이다. 반면 국민의힘은 “특별수사본부와 검찰의 수사 결과를 우선 지켜봐야 한다”는 입장을 되풀이하며, ‘이재명 대표 방탄’을 위해 민주당이 무리수를 두고 있다고 비판하고 나섰다. 오는 24일 국회 본회의에서 국정조사 계획서가 채택될 때까지 여야 간 치열한 각축전이 예상된다. 이재명(오른쪽에서 다섯번째) 더불어민주당 대표가 11일 오후 서울 여의도역 인근에서 열린 이태원참사 국정조사·특검 추진 범국민 서명운동 발대식에서 발언하고 있다.(사진=뉴시스) 전국 거점에서 서명운동 진행…24일까지 원내 합의 가능성도 13일 정치권에 따르면 민주당은 오는 14일부터 18일까지 전국 각지에서 국민서명운동본부 발대식을 진행한다. 앞서 지난 11일 여의도역 인근에서 ‘이태원 참사 국정조사·특검추진 범국민 서명운동 발대식’을 열고 서명운동을 시작했다. 이 자리에서 이 대표는 “정부와 여당이 진상 규명에 협조적이지 않고 오히려 반대하고 있기 때문에 이제 국민의 도움을 받아서 직접 진상 규명을 위한 노력을 해야 될 때가 됐다”고 목소리를 높였다. 용산 이태원 참사 대책본부방인 박찬대 민주당 최고위원은 12일 용산역 광장에서 진행한 서울 국민서명운동본부 발대식에서 “법적 책임만 묻는 게 아니라 정치 도의적 책임까지 모두 물어야 한다”고 힘줘 말했다. 이처럼 민주당이 원내 협상에서 그치지 않고 장외 투쟁에 나선 것은 그동안 야당 단독으로 국정조사를 추진한 적이 없는 만큼 여론전을 통해 역풍을 피하려는 시도로 풀이된다. 다만 24일 국정조사 계획서 채택 시한까지 원내에서도 국민의힘과 협의를 이어간다는 방침이다. 당내 관계자는 13일 이데일리와 통화에서 “끝까지 여당을 설득해서 (국정조사를) 합의 처리하는 게 원칙”이라고 말했다. 다만 여당과 협의 가능성에 대해선 “(여당) 원내 지도부는 예민하게 받아들이는 것 같은데 소위 ‘윤핵관’(윤석열 대통령 핵심 관계자)측이 지도부를 흔들고 있는 것 같다”며 “버틸 수 있을지 모르겠다”고 지적했다. 장외투쟁·특검 ‘강성 모드’ 우려…與 “수사 지켜보자” 민주당 내에서는 장외 투쟁이나 특검 추진 등 진상조사를 둘러싼 강경 대응 분위기를 우려하는 목소리도 나온다. 대장동 의혹과 관련해 이 대표를 둘러싼 검찰의 수사 압박이 갈수록 거세지는 상황에서 장외투쟁 등 강경 대응에 나선 것이 자칫 무리수로 비춰질 수 있어서다. 참사를 정쟁에 이용한다는 비판도 민주당으로선 부담이다. 민주당 한 재선 의원은 “국정조사에 힘을 모아야 하는데 특검까지 서명운동 요구사항에 들어가니 정쟁으로 보이는 것”이라고 말했다. 한 중진 의원도 “국정조사 요구 정도만 했어도 수사를 더 꼼꼼하게 하도록 하는 압박이 있다”며 “장외까지 나간 건 너무 간 것”이라고 비판의 목소리를 냈다. 앞서 11일 여의도역 앞에서 서명운동 발대식을 진행할 때 한 시민은 “당신들이나 (정쟁에) 이용하지 마”라고 외치기도 했다. 국민의힘은 당장은 특별수사본부와 검찰의 수사 결과를 기다린다는 입장이다. 주호영 국민의힘 원내대표는 지난 11일 “우리는 일관되게 강제력을 동원한 신속한 수사로 진실을 밝힐 수 있는 것이지, 정치적 공방과 일방적 주장은 오히려 사태 수습과 재발방지에 도움이 되지 않는다(고 본다)”고 말했다. 또 여권은 민주당의 장외 투쟁에 진상규명이 아닌 다른 의도가 숨겨져 있다고 반박하기도 했다. 장동혁 국민의힘 원내대변인은 “169석으로는 이재명 대표를 지킬 힘이 부족하자 이제 국민들까지 이재명 대표 방탄에 이용하고자 한다는 것”이라며 “손가락질 받을 것을 뻔히 알면서도 가면을 뒤집어쓰고 길거리로 나서야만 하는 이 대표와 민주당이 참으로 안쓰럽다”고 일갈했다. 다만 국민의힘도 계속 야당의 압박에 국정조사 참여를 고민하는 모양새다. 주 원내대표는 14일 비공개 간담회를 열고 당내 중진 의원들과 이태원 참사 국정조사에 대해 논의할 것으로 알려졌다.",https://imgnews.pstatic.net/image/018/2022/11/13/0005366170_001_20221113204902692.jpg?type=w647,https://n.news.naver.com/mnews/article/018/0005366170?sid=100,이수빈 기자,이데일리
section_politics,리커창 “한반도 비핵화 위해 中 건설적 역할할 것”,2022-11-12,"13일 한일-한미-한미일 정상회담 잇달아 개최
윤석열 대통령은 12일(현지 시간) 동남아국가연합(ASEAN·아세안)+3(한중일) 정상회의에서 북한의 연이은 도발과 핵 미사일 능력 증강 시도에 대해 ‘국제사회에 대한 직접적이고 심각한 위협’이라고 지적했다. 윤 대통령은 이날 리커창(李克强) 중국 총리와 가진 환담에서도 북 도발에 대한 우려를 나타냈으며, 리 총리는 “한반도 비핵화를 위해 중국이 건설적인 역할을 해나가겠다”는 뜻을 밝혔다고 대통령실은 전했다.
● 13일 한일-한미-한미일 회담…尹 “北도발 단호히 대응”
윤석열 대통령과 기시다 후미오 일본 총리가 21일(현지시간) 미국 뉴욕의 한 컨퍼런스 빌딩에서 열린 약식회담에 앞서 기념 촬영을 하고 있다. 대통령실 제공
윤 대통령은 이날 캄보디아 프놈펜의 한 호텔에서 열린 아세안+3 정상회의에서 기시다 후미오(岸田文雄) 일본 총리, 리커창(李克强) 중국 총리 등과 만나 “북한이 또 다시 대륙간탄도미사일(ICBM)을 발사하고 7차 핵실험을 감행한다면 국제사회는 단호하게 대응해야 한다”고 말했다. 그러면서도 “북한과의 대화의 문은 열려 있다”며 북한이 비핵화를 결단한다면 과감한 지원에 나서겠다는 정부의 ‘담대한 구상’을 재확인했다.

회의에 앞서 윤 대통령은 정상 대기실에서 리 총리와 환담을 가졌다. 이 자리에서 윤 대통령은 리 총리에게 상호존중과 호혜 원칙에 입각한 한중 관계 발전에 대해 기대한다는 뜻을 표명했다. 대통령실 관계자는 “윤 대통령은 최근 1년 간 북한의 전례 없는 도발에 대해 우려를 표명했다”면서 “이에 대해 리 총리는 한반도 비핵화의 필요성과, 그를 위해 중국이 건설적인 역할을 해나겠다는 의사 표명을 했다”고 했다. ‘전날(11일) 윤 대통령의 독자적 인도태평양 전략에 대한 의견도 오고갔느냐’는 물음에 이 관계자는 “우리의 인도태평양 전략 발표에 대해 아직까지는 중국 측의 구체적인 코멘트가 나온 상태는 아니”라고 덧붙였다.

관심은 13일 열릴 한미일 정상회담의 의제와 논의 결과에 쏠리고 있다. 대통령실 관계자는 브리핑에서 “한미일 정상회담에서는 북한 핵문제에 대한 대응(에 대한 논의가 주요 의제가 될 것)”이라며 “실질적인 확장억제 강화 조치, 그리고 그 연장선상에서 다양한 문제에 대해 논의가 이뤄질 것”이라고 했다.

아세안 정상들은 이 자리에서 한목소리로 국제사회와 유엔 규범을 거스르는 북한의 핵 프로그램에 우려를 표했다고 대통령실은 밝혔다. 또 북한이 역내 평화를 위협하는 행동을 멈추고 대화에 응할 것을 촉구했다.

이날 윤 대통령은 아세안+3 정상회의에서 역내 포괄적 경제동반자협정(RCEP)의 개방 수준을 제고하고 회원국 간 공급망 안정화와 중소기업 경쟁력 강화 등 경제기술 협력을 추진하겠다고 밝혔다. 아세안+3 통화스와프(CMIM), 비상 쌀 비축제(APTERR) 등에 대해서도 지속적인 협력을 강조했다. 윤 대통령은 또 팜 민 찐 베트남 총리와도 15분에 걸쳐 약식회담(풀어사이드)을 가지기도 했다. 대통령실 관계자는 “한-베트남 수교 30주년을 함께 축하하고 양국간 정치적 교류를 활성화하기로 한 자리였다”며 “금년 중으로 추진 중인 베트남 국가 주석의 성공적 방한을 위해 양측이 긴밀히 협력하기로 했다”고 덧붙였다.
● 윤석열표 인태 전략…“가치 공유 않는 국가 배척 아냐”
대통령실은 윤 대통령이 전날(11일) 한-아세안 정상회의에서 자유와 평화, 번영의 3대 비전을 바탕으로 독자적 인태 전략을 발표한 데 대한 의미를 부여했다. 대통령실 관계자는 “인태 전략을 통해 실현하고자 하는 비전은 자유롭고 평화로우며 번영하는 인도태평양”이라며 “자유와 인권, 법치와 같은 보편적 가치에 기반한 ‘규칙 기반의 가치 질서’를 강화하는 게 우리 국익에 부합한다”고 했다. 이를 위해서는 한미동맹을 비롯한 가치를 공유하는 국가 간의 연대와 협력이 가장 효율적인 수단이 될 것이라 설명했다.

다만 이 관계자는 “(윤 대통령의 인태 전략이) 가치를 공유하지 않는 국가를 그렇다고 매도하거나 배척하려는 건 아니다”라며 “열린 자세로 공동의 이익 목표로 협력하되 보편적 가치와 국제질서를 배척하는 데는 단호하게 대응하겠다는 것”이라고 했다.

대통령실은 아세안을 우리 기업의 수출시장으로만 보는 경제적 시각에서 더 나아가 ‘전략적-포괄적 전략성’에 주목할 시점이라고 강조했다. 대통령실 관계자는 “아세안이 미국과 중국의 치열한 전략 경쟁의 일종의 ‘배틀 그라운드’, 즉 전쟁터가 돼 있다”며 “한국이 아세안을 ‘기회의 땅’으로 만들기 위해서는 아세안을 아주 순수한 경제적 파트너로만 바라보기보다는 정치, 외교, 개발협력 등 경제 등 복합적인 관점에서 바라봐야 할 시점이 왔다”고 말했다. 미중 간 전략 경쟁의 한복판에서 미묘한 변화를 인지하고, 복합적이고 포괄적인 관점에서 아세안과의 관계를 설정하는 게 국익에 보탬이 된다는 것이다.","13일 한일-한미-한미일 정상회담 잇달아 개최 윤석열 대통령은 12일(현지 시간) 동남아국가연합(ASEAN·아세안)+3(한중일) 정상회의에서 북한의 연이은 도발과 핵 미사일 능력 증강 시도에 대해 ‘국제사회에 대한 직접적이고 심각한 위협’이라고 지적했다. 윤 대통령은 이날 리커창(李克强) 중국 총리와 가진 환담에서도 북 도발에 대한 우려를 나타냈으며, 리 총리는 “한반도 비핵화를 위해 중국이 건설적인 역할을 해나가겠다”는 뜻을 밝혔다고 대통령실은 전했다. ● 13일 한일-한미-한미일 회담…尹 “北도발 단호히 대응” 윤석열 대통령과 기시다 후미오 일본 총리가 21일(현지시간) 미국 뉴욕의 한 컨퍼런스 빌딩에서 열린 약식회담에 앞서 기념 촬영을 하고 있다. 대통령실 제공 윤 대통령은 이날 캄보디아 프놈펜의 한 호텔에서 열린 아세안+3 정상회의에서 기시다 후미오(岸田文雄) 일본 총리, 리커창(李克强) 중국 총리 등과 만나 “북한이 또 다시 대륙간탄도미사일(ICBM)을 발사하고 7차 핵실험을 감행한다면 국제사회는 단호하게 대응해야 한다”고 말했다. 그러면서도 “북한과의 대화의 문은 열려 있다”며 북한이 비핵화를 결단한다면 과감한 지원에 나서겠다는 정부의 ‘담대한 구상’을 재확인했다. 회의에 앞서 윤 대통령은 정상 대기실에서 리 총리와 환담을 가졌다. 이 자리에서 윤 대통령은 리 총리에게 상호존중과 호혜 원칙에 입각한 한중 관계 발전에 대해 기대한다는 뜻을 표명했다. 대통령실 관계자는 “윤 대통령은 최근 1년 간 북한의 전례 없는 도발에 대해 우려를 표명했다”면서 “이에 대해 리 총리는 한반도 비핵화의 필요성과, 그를 위해 중국이 건설적인 역할을 해나겠다는 의사 표명을 했다”고 했다. ‘전날(11일) 윤 대통령의 독자적 인도태평양 전략에 대한 의견도 오고갔느냐’는 물음에 이 관계자는 “우리의 인도태평양 전략 발표에 대해 아직까지는 중국 측의 구체적인 코멘트가 나온 상태는 아니”라고 덧붙였다. 관심은 13일 열릴 한미일 정상회담의 의제와 논의 결과에 쏠리고 있다. 대통령실 관계자는 브리핑에서 “한미일 정상회담에서는 북한 핵문제에 대한 대응(에 대한 논의가 주요 의제가 될 것)”이라며 “실질적인 확장억제 강화 조치, 그리고 그 연장선상에서 다양한 문제에 대해 논의가 이뤄질 것”이라고 했다. 아세안 정상들은 이 자리에서 한목소리로 국제사회와 유엔 규범을 거스르는 북한의 핵 프로그램에 우려를 표했다고 대통령실은 밝혔다. 또 북한이 역내 평화를 위협하는 행동을 멈추고 대화에 응할 것을 촉구했다. 이날 윤 대통령은 아세안+3 정상회의에서 역내 포괄적 경제동반자협정(RCEP)의 개방 수준을 제고하고 회원국 간 공급망 안정화와 중소기업 경쟁력 강화 등 경제기술 협력을 추진하겠다고 밝혔다. 아세안+3 통화스와프(CMIM), 비상 쌀 비축제(APTERR) 등에 대해서도 지속적인 협력을 강조했다. 윤 대통령은 또 팜 민 찐 베트남 총리와도 15분에 걸쳐 약식회담(풀어사이드)을 가지기도 했다. 대통령실 관계자는 “한-베트남 수교 30주년을 함께 축하하고 양국간 정치적 교류를 활성화하기로 한 자리였다”며 “금년 중으로 추진 중인 베트남 국가 주석의 성공적 방한을 위해 양측이 긴밀히 협력하기로 했다”고 덧붙였다. ● 윤석열표 인태 전략…“가치 공유 않는 국가 배척 아냐” 대통령실은 윤 대통령이 전날(11일) 한-아세안 정상회의에서 자유와 평화, 번영의 3대 비전을 바탕으로 독자적 인태 전략을 발표한 데 대한 의미를 부여했다. 대통령실 관계자는 “인태 전략을 통해 실현하고자 하는 비전은 자유롭고 평화로우며 번영하는 인도태평양”이라며 “자유와 인권, 법치와 같은 보편적 가치에 기반한 ‘규칙 기반의 가치 질서’를 강화하는 게 우리 국익에 부합한다”고 했다. 이를 위해서는 한미동맹을 비롯한 가치를 공유하는 국가 간의 연대와 협력이 가장 효율적인 수단이 될 것이라 설명했다. 다만 이 관계자는 “(윤 대통령의 인태 전략이) 가치를 공유하지 않는 국가를 그렇다고 매도하거나 배척하려는 건 아니다”라며 “열린 자세로 공동의 이익 목표로 협력하되 보편적 가치와 국제질서를 배척하는 데는 단호하게 대응하겠다는 것”이라고 했다. 대통령실은 아세안을 우리 기업의 수출시장으로만 보는 경제적 시각에서 더 나아가 ‘전략적-포괄적 전략성’에 주목할 시점이라고 강조했다. 대통령실 관계자는 “아세안이 미국과 중국의 치열한 전략 경쟁의 일종의 ‘배틀 그라운드’, 즉 전쟁터가 돼 있다”며 “한국이 아세안을 ‘기회의 땅’으로 만들기 위해서는 아세안을 아주 순수한 경제적 파트너로만 바라보기보다는 정치, 외교, 개발협력 등 경제 등 복합적인 관점에서 바라봐야 할 시점이 왔다”고 말했다. 미중 간 전략 경쟁의 한복판에서 미묘한 변화를 인지하고, 복합적이고 포괄적인 관점에서 아세안과의 관계를 설정하는 게 국익에 보탬이 된다는 것이다.",https://imgnews.pstatic.net/image/020/2022/11/12/0003461931_001_20221112185001134.jpg?type=w647,https://n.news.naver.com/mnews/article/020/0003461931?sid=100,장관석 기자,동아일보
section_politics,이상민 “폼 나게 사표 안 던지고 싶겠나”…野 “‘폼 나게’ 타령 말길”,2022-11-12,"이상민 장관, 언론사 인터뷰
서용부 민주당 부대변인 ""개탄스러운 발언""
[이데일리 박기주 기자] 이상민 행정안전부 장관이 한 언론과의 인터뷰에서 “누군들 폼 나게 사표 던지고 이 상황에서 벗어나고 싶지 않겠나”라고 밝힌 것에 대해 더불어민주당은 “‘폼 나게’ 타령 말라”고 일축했다.

윤석열 대통령이 11일 오전 아세안(ASEAN·동남아국가연합) 관련 정상회의 및 주요20개국(G20) 정상회의 등 다자회의 참석을 위해 성남 서울공항에 도착, 공군 1호기로 향하며 이상민 행안부 장관 등 환송 인사들과 인사하고 있다. (사진= 연합뉴스)
이 장관은 12일 공개된 중앙일보와의 인터뷰에서 “누군들 폼 나게 사표 던지고 이 상황에서 벗어나고 싶지 않겠나. 하지만 그건 국민에 대한 도리도, 고위공직자의 책임 있는 자세도 아니다”라고 밝혔다.

그는 “(자리에 연연하지 않겠다는 건) 정무직의 당연한 자세”라며 “(사고 수습과 진상규명이 먼저인 것이) 진정 책임있는 자세 아니겠느냐”고 했다.

이에 대해 서용주 민주당 상근부대변인은 “부끄러움을 모르는 참 뻔뻔한 장관”이라며 “김은혜 홍보수석의 ‘웃기고 있네’ 메모가 떠오르는 개탄스러운 발언”이라고 비판했다.

그는 이어 “비번임에도 참사 현장에서 최선을 다했던 최성범 용산소방서장은 특수본 수사에 대해 ‘자리에 연연하지 않고 책임질 각오가 돼 있다’고 했다. 국민의 안전을 총 책임지는 주무장관임에도 참사 당일 집에만 있던 이상민 장관은 ‘폼 나게’ 타령으로 자리를 버티고 있다. 비겁한 변명에 지나지 않는다”고 했다.

서 부대변인은 “주무부처 장관으로서 일선 소방서장보다 못한 처신이 부끄럽지도 않느냐”며 “큰 권한에는 큰 책임이 따라야 한다. 이 장관은 용산소방서장의 발끝이라도 쫒으면서 ‘폼 나게’ 타령을 하길 바란다”고 덧붙였다.","이상민 장관, 언론사 인터뷰 서용부 민주당 부대변인 ""개탄스러운 발언"" 이상민 행정안전부 장관이 한 언론과의 인터뷰에서 “누군들 폼 나게 사표 던지고 이 상황에서 벗어나고 싶지 않겠나”라고 밝힌 것에 대해 더불어민주당은 “‘폼 나게’ 타령 말라”고 일축했다. 윤석열 대통령이 11일 오전 아세안(ASEAN·동남아국가연합) 관련 정상회의 및 주요20개국(G20) 정상회의 등 다자회의 참석을 위해 성남 서울공항에 도착, 공군 1호기로 향하며 이상민 행안부 장관 등 환송 인사들과 인사하고 있다. (사진= 연합뉴스) 이 장관은 12일 공개된 중앙일보와의 인터뷰에서 “누군들 폼 나게 사표 던지고 이 상황에서 벗어나고 싶지 않겠나. 하지만 그건 국민에 대한 도리도, 고위공직자의 책임 있는 자세도 아니다”라고 밝혔다. 그는 “(자리에 연연하지 않겠다는 건) 정무직의 당연한 자세”라며 “(사고 수습과 진상규명이 먼저인 것이) 진정 책임있는 자세 아니겠느냐”고 했다. 이에 대해 서용주 민주당 상근부대변인은 “부끄러움을 모르는 참 뻔뻔한 장관”이라며 “김은혜 홍보수석의 ‘웃기고 있네’ 메모가 떠오르는 개탄스러운 발언”이라고 비판했다. 그는 이어 “비번임에도 참사 현장에서 최선을 다했던 최성범 용산소방서장은 특수본 수사에 대해 ‘자리에 연연하지 않고 책임질 각오가 돼 있다’고 했다. 국민의 안전을 총 책임지는 주무장관임에도 참사 당일 집에만 있던 이상민 장관은 ‘폼 나게’ 타령으로 자리를 버티고 있다. 비겁한 변명에 지나지 않는다”고 했다. 서 부대변인은 “주무부처 장관으로서 일선 소방서장보다 못한 처신이 부끄럽지도 않느냐”며 “큰 권한에는 큰 책임이 따라야 한다. 이 장관은 용산소방서장의 발끝이라도 쫒으면서 ‘폼 나게’ 타령을 하길 바란다”고 덧붙였다.",https://imgnews.pstatic.net/image/018/2022/11/12/0005365465_001_20221112151502767.jpg?type=w647,https://n.news.naver.com/mnews/article/018/0005365465?sid=100,박기주 기자,이데일리
section_politics,"미일 정상회담...北·中 대응 ""미일동맹 억지력 강화 의견 교환""",2022-11-13,"아세안 정상회의에 참석한 바이든 미국 대통령과 기시다 일본 총리가 양자 회담을 갖고 미일동맹 강화 등에 대해 의견을 나눴다고 일본 언론들이 보도했습니다.

NHK는 이번 회담에서 ""중국의 패권주의적 행동과 북한 핵·미사일 활동 등 동아시아 안보환경이 엄중함을 더하고 있는 가운데 미일동맹의 억지력과 대처 능력을 한층 강화하는 데 대해 의견을 교환한 것으로 보인다""고 전했습니다.

미일 정상회담은 오늘 오후 5시부터 약 40분간 이뤄졌다고 NHK는 덧붙였습니다.

요미우리신문도 바이든 대통령과 기시다 총리의 회담에서 ""미일동맹의 연계를 확인하고 미일 방위력 강화의 중요성에도 일치한 것으로 보인다고"" 보도했습니다.

이어 러시아의 우크라이나 침공에 대해 국제사회와 함께 의연히 대응할 것이라는 점과 타이완 해협의 평화와 안정이 중요하다는 데에도 의견을 모은 것으로 보인다고 덧붙였습니다.

기시다 총리는 아세안 정상회의 일정을 마친 뒤 G20 정상회의가 열리는 인도네시아 발리로 이동할 예정입니다.

이어 오는 18일 태국 방콕에서 열리는 APEC 정상회의를 계기로 시진핑 중국 국가주석과도 정상회담을 갖는 것을 조율하고 있습니다.

※ '당신의 제보가 뉴스가 됩니다'
[카카오톡] YTN 검색해 채널 추가
[전화] 02-398-8585
[메일] social@ytn.co.kr","아세안 정상회의에 참석한 바이든 미국 대통령과 기시다 일본 총리가 양자 회담을 갖고 미일동맹 강화 등에 대해 의견을 나눴다고 일본 언론들이 보도했습니다. NHK는 이번 회담에서 ""중국의 패권주의적 행동과 북한 핵·미사일 활동 등 동아시아 안보환경이 엄중함을 더하고 있는 가운데 미일동맹의 억지력과 대처 능력을 한층 강화하는 데 대해 의견을 교환한 것으로 보인다""고 전했습니다. 미일 정상회담은 오늘 오후 5시부터 약 40분간 이뤄졌다고 NHK는 덧붙였습니다. 요미우리신문도 바이든 대통령과 기시다 총리의 회담에서 ""미일동맹의 연계를 확인하고 미일 방위력 강화의 중요성에도 일치한 것으로 보인다고"" 보도했습니다. 이어 러시아의 우크라이나 침공에 대해 국제사회와 함께 의연히 대응할 것이라는 점과 타이완 해협의 평화와 안정이 중요하다는 데에도 의견을 모은 것으로 보인다고 덧붙였습니다. 기시다 총리는 아세안 정상회의 일정을 마친 뒤 G20 정상회의가 열리는 인도네시아 발리로 이동할 예정입니다. 이어 오는 18일 태국 방콕에서 열리는 APEC 정상회의를 계기로 시진핑 중국 국가주석과도 정상회담을 갖는 것을 조율하고 있습니다. ※ '당신의 제보가 뉴스가 됩니다' YTN 검색해 채널 추가 02-398-8585",https://newsimg.sedaily.com/2019/01/23/1VE5F3W5WP_18.png,https://n.news.naver.com/mnews/article/052/0001813122?sid=100,이경아 기자,YTN
section_economy,"'공공분양주택 50만호' 정책 브랜드명, 국민제안으로 짓는다",2022-11-13,"오는 17일까지 국토부 누리집 등 신청
사진=연합뉴스

국토교통부는 공공분양주택 50만가구 정책의 브랜드 이름을 국민제안을 통해 결정한다고 13일 밝혔다.

이번 국민제안을 받아 짓는 브랜드명은 개별 아파트 브랜드가 아닌 정책(공공분양주택 50만가구)을 통합 지칭하는 브랜드로 쓰인다.

정부는 향후 5년간 선택형, 나눔형, 일반형 유형을 대상으로 시세 대비 저렴한 분양가와 획기적인 전용 모기지 지원을 통해 주거상향 및 주거안정을 도모하겠다고 발표했다.

국민제안은 오는 17일까지 7일간 진행된다. 국토부 누리집과 국토부 온통광장을 통해 관심 있는 국민 누구나 참여할 수 있다. 추첨을 통해 소정의 경품(200명)도 지급한다.

국민 제안 정책브랜드는 민간전문가, 정책수요자 등 논의를 거쳐 이달 말 결정한다.

이장원 국토부 주택공급기획과장은 “이번 국민제안을 통해 국민과 소통을 강화하고, 앞으로 온오프라인 홍보를 통해 공공분양주택 50만가구 정책에 더 가까이 다가갈 수 있도록 노력하겠다”고 말했다.","오는 17일까지 국토부 누리집 등 신청 사진=연합뉴스 국토교통부는 공공분양주택 50만가구 정책의 브랜드 이름을 국민제안을 통해 결정한다고 13일 밝혔다. 이번 국민제안을 받아 짓는 브랜드명은 개별 아파트 브랜드가 아닌 정책(공공분양주택 50만가구)을 통합 지칭하는 브랜드로 쓰인다. 정부는 향후 5년간 선택형, 나눔형, 일반형 유형을 대상으로 시세 대비 저렴한 분양가와 획기적인 전용 모기지 지원을 통해 주거상향 및 주거안정을 도모하겠다고 발표했다. 국민제안은 오는 17일까지 7일간 진행된다. 국토부 누리집과 국토부 온통광장을 통해 관심 있는 국민 누구나 참여할 수 있다. 추첨을 통해 소정의 경품(200명)도 지급한다. 국민 제안 정책브랜드는 민간전문가, 정책수요자 등 논의를 거쳐 이달 말 결정한다. 이장원 국토부 주택공급기획과장은 “이번 국민제안을 통해 국민과 소통을 강화하고, 앞으로 온오프라인 홍보를 통해 공공분양주택 50만가구 정책에 더 가까이 다가갈 수 있도록 노력하겠다”고 말했다.",https://imgnews.pstatic.net/image/015/2022/11/13/0004773955_001_20221113133201038.jpg?type=w647,https://n.news.naver.com/mnews/article/015/0004773955?sid=101,이혜인 기자,한국경제
section_economy,세계 4위 가상화폐거래소 FTX 파산 신청,2022-11-12,"11일(현지시간) 글로벌 가상화폐 거래소 FTX가 파산 신청을 했다고 밝힌 가운데 샘 뱅크맨 프리드 FTX CEO는 자진 사임했다. 이 자리는 존 J. 레이 3세가 물려받는 것으로 알려졌다.〈사진=FTX 트위터 캡처〉
세계 4의권 규모의 글로벌 가상화폐 거래소 FTX가 파산 신청을 했습니다.

11일(현지시간) FTX는 트위터를 통해 미국 델라웨어주 법원에 파산보호를 신청했다고 밝혔습니다.

FTX는 비트코인 현물 거래로는 2위, 전체 거래 규모로는 세계 4위에 랭크돼 있습니다.

소프트뱅크, 세코이어 캐피털, 블랙록 등 투자사로부터 투자를 유치해 회사 가치가 한때 320억달러(약 42조)에 달하기도 했습니다.

FTX는 최근 60억달러(약 8조) 규모의 뱅크런이 발생해 유동성 위기를 겪자 1위 암호화폐거래소인 바이낸스에 합병을 제안한 바 있습니다.

하지만 바이낸스가 이를 거부했고 결국 파산보호를 신청했습니다.

샘 뱅크맨 프리드 FTX CEO는 자진 사임했습니다. 이 자리는 존 J. 레이 3세가 물려받는 것으로 알려졌습니다.","11일(현지시간) 글로벌 가상화폐 거래소 FTX가 파산 신청을 했다고 밝힌 가운데 샘 뱅크맨 프리드 FTX CEO는 자진 사임했다. 이 자리는 존 J. 레이 3세가 물려받는 것으로 알려졌다.〈사진=FTX 트위터 캡처〉 세계 4의권 규모의 글로벌 가상화폐 거래소 FTX가 파산 신청을 했습니다. 11일(현지시간) FTX는 트위터를 통해 미국 델라웨어주 법원에 파산보호를 신청했다고 밝혔습니다. FTX는 비트코인 현물 거래로는 2위, 전체 거래 규모로는 세계 4위에 랭크돼 있습니다. 소프트뱅크, 세코이어 캐피털, 블랙록 등 투자사로부터 투자를 유치해 회사 가치가 한때 320억달러(약 42조)에 달하기도 했습니다. FTX는 최근 60억달러(약 8조) 규모의 뱅크런이 발생해 유동성 위기를 겪자 1위 암호화폐거래소인 바이낸스에 합병을 제안한 바 있습니다. 하지만 바이낸스가 이를 거부했고 결국 파산보호를 신청했습니다. 샘 뱅크맨 프리드 FTX CEO는 자진 사임했습니다. 이 자리는 존 J. 레이 3세가 물려받는 것으로 알려졌습니다.",https://imgnews.pstatic.net/image/437/2022/11/12/0000321216_001_20221112121101578.jpg?type=w647,https://n.news.naver.com/mnews/article/437/0000321216?sid=101,이세현 기자,JTBC
section_economy,"내년 전기요금 또 오를듯…산업부 ""기준연료비부터 인상 검토""",2022-11-13,"한국전력이 4분기 전기요금 연료비 조정단가 발표를 앞두고 있는 30일 서울 도봉구 주택가에 전기계량기가 설치돼 있다./강진형 기자aymsdream@


한국전력의 올해 적자가 사상 최대치인 30조원을 훌쩍 넘길 것으로 전망되는 가운데, 정부가 내년 전기요금 인상이 불가피하다고 판단하고 대책 마련에 착수했다.

13일 산업통상자원부에 따르면 정부는 내년 전기요금 인상에 무게를 두고 요금 단가를 구성하는 여러 항목 중 하나인 기준연료비부터 인상하는 방안을 검토 중이다.

전기요금은 기본요금·전력량요금(기준연료비)·기후환경요금·연료비 조정요금 등으로 구성돼 있다. 이 가운데 산업부는 내년에 적용할 기준연료비부터 인상하는 방안을 검토 중인 것으로 전해졌다.

기준연료비는 최근 1년 치 연료 가격을 바탕으로 책정되는데, 올해 들어 연료비가 작년과 비교해서도 급격하게 치솟았기 때문이다. 지난해 말 kWh(킬로와트시)당 9.8원 인상이 결정된 기준연료비는 올해 4월과 10월에 4.9원씩 반영된 바 있다. 기준연료비는 관세청이 고시하는 액화천연가스(LNG), 석탄, 석유 등 무역 통관 가격의 직전 1년간 평균치를 반영해 산정한다. LNG 가격은 올해 1∼9월 t당 평균 132만5600원으로, 지난해 1∼9월 평균 가격인 61만6400원 대비 2배 넘게 올랐다. 같은 기간 유연탄 가격은 t당 124달러에서 355달러로 3배 가까이 치솟았다.

내달 말 기준연료비 인상안이 발표되면서 연료비 조정단가 인상이 함께 발표될 가능성도 거론된다. 한전이 올해 세 차례(4·7·10월)에 걸쳐 전기요금을 인상했지만 전기를 비싸게 사서 싸게 파는 역마진 상황이 지속되면서 적자가 꾸준히 늘고 있기 때문이다.

한전은 작년 2분기부터 올해 3분기까지 6개 분기 연속 적자를 기록했다. 올해 1∼3분기 한전의 누적 적자인 21조8342억원은 이미 지난해 연간 적자인 5조8542억원의 3.7배에 달한다. 난방 수요가 늘어나는 겨울철에 접어드는 4분기에는 적자 폭이 더욱 확대되면서 올해 누적 적자가 30조원을 웃돌 가능성이 크다. 금융·증권가에서 전망하는 한전의 4분기 영업 손실액 추정치는 8조∼9조원대에 이른다.

한전은 유례없는 대규모 적자를 회사채 발행으로 막고 있다. 올해 들어 최근까지 한전채 발행액은 25조4500억원으로, 이미 지난해 전체 발행액(10조3200억원)의 2.5배에 달한다. 여기에다 최근 자금시장 경색으로 우량채권으로 분류되던 한전채마저 자금 조달이 쉽지 않은 상황이다. 현행법상 발행 한도(자본금과 적립금을 더한 금액의 2배) 또한 내년 초쯤 여력이 소진될 위기에 놓였다.

이에 한전이 발전사로부터 전력을 구매하는 가격인 SMP의 상한제도 정부가 연내 시범 도입할 가능성이 매우 크다는 전망이 나온다.

한국전력거래소에 따르면 일평균 1KWh당 SMP는 지난달 13일 270.24원(육지 가중 평균치 기준)까지 오르며 사상 최고치를 경신했다. 11일에 세운 종전 최고 기록(269.98원)을 이틀 만에 갈아치웠다. 시간대별로는 한때 1KWh당 300원을 넘기도 했다. 지난달 20일 오전 9시 기준 SMP는 359.50원까지 치솟았으며 이달 3일과 7일 오후 7시에도 각각 300.22원, 300.35원으로 300원을 넘겼다.

산업부는 지난 5월 SMP가 비정상적으로 상승할 경우 한시적으로 가격 상한을 두는 내용의 전력 거래가격 상한에 관한 고시 개정안을 마련해 행정예고하고 개정 작업을 추진 중이지만, 늦춰지는 분위기다. 민간 발전업계가 SMP 상한제는 민간 발전 사업자의 수익을 빼앗아 한전의 적자를 메우기 위한 방편이며 자유시장경제 질서를 훼손하는 처사라고 반발하고 있기 때문이다.

산업부 측은 ""SMP가 너무 높아 시장에 충격을 주는 비상 상황""이라며 ""업계가 우려하는 점을 보완해 SMP 상한제를 연내 시범 도입할 예정""이라고 말했다.","한국전력이 4분기 전기요금 연료비 조정단가 발표를 앞두고 있는 30일 서울 도봉구 주택가에 전기계량기가 설치돼 있다./ aymsdream@ 한국전력의 올해 적자가 사상 최대치인 30조원을 훌쩍 넘길 것으로 전망되는 가운데, 정부가 내년 전기요금 인상이 불가피하다고 판단하고 대책 마련에 착수했다. 13일 산업통상자원부에 따르면 정부는 내년 전기요금 인상에 무게를 두고 요금 단가를 구성하는 여러 항목 중 하나인 기준연료비부터 인상하는 방안을 검토 중이다. 전기요금은 기본요금·전력량요금(기준연료비)·기후환경요금·연료비 조정요금 등으로 구성돼 있다. 이 가운데 산업부는 내년에 적용할 기준연료비부터 인상하는 방안을 검토 중인 것으로 전해졌다. 기준연료비는 최근 1년 치 연료 가격을 바탕으로 책정되는데, 올해 들어 연료비가 작년과 비교해서도 급격하게 치솟았기 때문이다. 지난해 말 kWh(킬로와트시)당 9.8원 인상이 결정된 기준연료비는 올해 4월과 10월에 4.9원씩 반영된 바 있다. 기준연료비는 관세청이 고시하는 액화천연가스(LNG), 석탄, 석유 등 무역 통관 가격의 직전 1년간 평균치를 반영해 산정한다. LNG 가격은 올해 1∼9월 t당 평균 132만5600원으로, 지난해 1∼9월 평균 가격인 61만6400원 대비 2배 넘게 올랐다. 같은 기간 유연탄 가격은 t당 124달러에서 355달러로 3배 가까이 치솟았다. 내달 말 기준연료비 인상안이 발표되면서 연료비 조정단가 인상이 함께 발표될 가능성도 거론된다. 한전이 올해 세 차례(4·7·10월)에 걸쳐 전기요금을 인상했지만 전기를 비싸게 사서 싸게 파는 역마진 상황이 지속되면서 적자가 꾸준히 늘고 있기 때문이다. 한전은 작년 2분기부터 올해 3분기까지 6개 분기 연속 적자를 기록했다. 올해 1∼3분기 한전의 누적 적자인 21조8342억원은 이미 지난해 연간 적자인 5조8542억원의 3.7배에 달한다. 난방 수요가 늘어나는 겨울철에 접어드는 4분기에는 적자 폭이 더욱 확대되면서 올해 누적 적자가 30조원을 웃돌 가능성이 크다. 금융·증권가에서 전망하는 한전의 4분기 영업 손실액 추정치는 8조∼9조원대에 이른다. 한전은 유례없는 대규모 적자를 회사채 발행으로 막고 있다. 올해 들어 최근까지 한전채 발행액은 25조4500억원으로, 이미 지난해 전체 발행액(10조3200억원)의 2.5배에 달한다. 여기에다 최근 자금시장 경색으로 우량채권으로 분류되던 한전채마저 자금 조달이 쉽지 않은 상황이다. 현행법상 발행 한도(자본금과 적립금을 더한 금액의 2배) 또한 내년 초쯤 여력이 소진될 위기에 놓였다. 이에 한전이 발전사로부터 전력을 구매하는 가격인 SMP의 상한제도 정부가 연내 시범 도입할 가능성이 매우 크다는 전망이 나온다. 한국전력거래소에 따르면 일평균 1KWh당 SMP는 지난달 13일 270.24원(육지 가중 평균치 기준)까지 오르며 사상 최고치를 경신했다. 11일에 세운 종전 최고 기록(269.98원)을 이틀 만에 갈아치웠다. 시간대별로는 한때 1KWh당 300원을 넘기도 했다. 지난달 20일 오전 9시 기준 SMP는 359.50원까지 치솟았으며 이달 3일과 7일 오후 7시에도 각각 300.22원, 300.35원으로 300원을 넘겼다. 산업부는 지난 5월 SMP가 비정상적으로 상승할 경우 한시적으로 가격 상한을 두는 내용의 전력 거래가격 상한에 관한 고시 개정안을 마련해 행정예고하고 개정 작업을 추진 중이지만, 늦춰지는 분위기다. 민간 발전업계가 SMP 상한제는 민간 발전 사업자의 수익을 빼앗아 한전의 적자를 메우기 위한 방편이며 자유시장경제 질서를 훼손하는 처사라고 반발하고 있기 때문이다. 산업부 측은 ""SMP가 너무 높아 시장에 충격을 주는 비상 상황""이라며 ""업계가 우려하는 점을 보완해 SMP 상한제를 연내 시범 도입할 예정""이라고 말했다.",https://imgnews.pstatic.net/image/277/2022/11/13/0005176468_001_20221113143401461.jpg?type=w647,https://n.news.naver.com/mnews/article/277/0005176468?sid=101,이명환 기자,아시아경제
section_economy,aT “배추 20포기 김장비용 22만 원…작년보다 9.1%↓”,2022-11-13,"한국농수산식품유통공사(aT)는 10일 기준 배추 20포기 김장비용은 22만1천389원으로, 지난해 11월 초(24만3천575원)보다 9.1% 하락했다고 밝혔습니다.

가을배추 출하량 증대로 김장재료 중 비중이 큰 배추 가격이 하락하면서 김장비용이 낮아진 것으로 분석됩니다.

10일 배추 가격은 포기당 3천235원(상품 기준)으로 지난해보다 23.2% 낮은 수준입니다.

소금은 6㎏ 기준 1만4천225원으로 지난해 1만2천295원보다 소폭 상승한 가격 수준에서 유지되고 있습니다.

무는 5개 기준 1만3천217원으로 지난해(8천780원)보다 가격이 높은 상황이나 수확 산지 확대로 최근 가격이 빠르게 떨어지고 있습니다.

그 밖에 고춧가루(-6.8%), 깐마늘(-5.4%), 쪽파(-22.8%), 새우젓(-22.9%) 가격이 지난해보다 낮아졌습니다.

이에따라 올해 김장비용은 전년보다 낮게 유지될 것으로 농수산식품유통공사는 예상했습니다.

aT는 이번 조사를 위해 전국 17개 전통시장과 27개 대형유통업체에서 주요 김장재료 14개 품목을 조사했습니다.

[사진 출처 : 연합뉴스]","한국농수산식품유통공사(aT)는 10일 기준 배추 20포기 김장비용은 22만1천389원으로, 지난해 11월 초(24만3천575원)보다 9.1% 하락했다고 밝혔습니다. 가을배추 출하량 증대로 김장재료 중 비중이 큰 배추 가격이 하락하면서 김장비용이 낮아진 것으로 분석됩니다. 10일 배추 가격은 포기당 3천235원(상품 기준)으로 지난해보다 23.2% 낮은 수준입니다. 소금은 6㎏ 기준 1만4천225원으로 지난해 1만2천295원보다 소폭 상승한 가격 수준에서 유지되고 있습니다. 무는 5개 기준 1만3천217원으로 지난해(8천780원)보다 가격이 높은 상황이나 수확 산지 확대로 최근 가격이 빠르게 떨어지고 있습니다. 그 밖에 고춧가루(-6.8%), 깐마늘(-5.4%), 쪽파(-22.8%), 새우젓(-22.9%) 가격이 지난해보다 낮아졌습니다. 이에따라 올해 김장비용은 전년보다 낮게 유지될 것으로 농수산식품유통공사는 예상했습니다. aT는 이번 조사를 위해 전국 17개 전통시장과 27개 대형유통업체에서 주요 김장재료 14개 품목을 조사했습니다.",https://imgnews.pstatic.net/image/056/2022/11/13/0011373422_001_20221113115102941.jpg?type=w647,https://n.news.naver.com/mnews/article/056/0011373422?sid=101,김현경 기자,KBS
section_economy,"대한전선, 사우디 투자부 장관과 현지 사업 확대 방안 논의",2022-11-13,"‘수교 60주년 방한’ 칼리드 알팔레 투자부 장관과 만남
사우디 초고압케이블 생산 법인 등 사업 확대방안 논의
“전력망 인프라 사업 더해 건설 토목 분야 투자도 검토”
[이데일리 박순엽 기자] 대한전선(001440)은 지난 11일 오후 방한한 칼리드 알팔레(Khalid A. AlFalih) 사우디아라비아 투자부 장관과 만나 사우디 투자·사업 확대 방안 등에 대해 논의했다고 13일 밝혔다. 알팔레 장관은 올해 한국과 사우디의 수교 60주년을 맞아 방한했다.

이날 회담엔 알팔레 장관을 포함해 마디 알도사리(Mahdi N. AlDosary) 사우디 전력청 PDC(Saudi Electricity Project Development Co.) 최고경영자(CEO), 히샴 알마사우드(Hesham AlMasaud) 사우디 투자부 한국사무소 소장, 김선규 호반그룹 회장, 나형균 대한전선 사장과 김윤수 부사장, 김민성 호반산업 전무 등 양측 관계자들이 참석했다.

양측은 대한전선이 추진 중인 사우디 초고압케이블 생산 법인을 포함해 사우디 현지에서의 중장기적인 사업 확대 방안에 대한 의견을 나눴다. 앞서 지난달 26일 양측은 사우디 투자부가 리야드에서 주최한 ‘미래투자 이니셔티브(FII) 포럼’에서 사우디 초고압케이블 생산 법인에 대한 투자 협약을 체결한 이후 구체적으로 사업을 논의한 셈이다.

알팔레 장관은 현재 진행 중인 글로벌 공급망 회복 이니셔티브를 설명하면서 “사우디 전력망 인프라의 상당 부분을 구축해 온 대한전선이 이번 케이블 공장 투자를 통해 공급망 허브로의 도약에 중요한 역할을 할 것으로 기대된다”며 “호반그룹과 대한전선이 사우디에서 진행하는 대규모 인프라 사업에 적극적으로 참여해 줄 것을 요청드린다”고 말했다.

이에 김선규 호반그룹 회장은 “대한전선의 전력망 인프라 사업 분야뿐 아니라 호반그룹의 전문 영역인 건설 토목 분야에 대해서도 투자와 협력을 검토할 계획”이라고 화답했다.

나형균 대한전선 사장은 “사우디는 1970년대 대한전선이 통신 케이블을 수출하며 케이블 교역의 첫 포문을 연 이후, 50여년 동안 중요한 수출국이었다”며 “이번 현지 공장은 대한전선이 해외에 짓는 첫 초고압케이블 공장인 만큼 대한전선의 경쟁력 축적과 사우디에서의 사업 확대에 중요한 의미가 될 것”이라고 강조했다.

대한전선은 지난 6월 사우디 설계·조달·시공(EPC) 회사인 알 오자이미 그룹과 초고압케이블 생산을 위한 합작 법인 설립 계약을 체결하고 현지 공장 설립을 추진 중이다. 이는 대한전선이 2017년 사우디 최초의 고압급 전력기기 생산 법인을 세운 이후 약 5년 만에 사우디에서 진행하는 대규모 투자다.

김선규 호반그룹 회장, 나형균 대한전선 사장과 김윤수 부사장 등이 지난 11일 오후 방한한 칼리드 알팔레(Khalid A. AlFalih) 사우디아라비아 투자부 장관과 만나 사우디 투자·사업 확대 방안 등에 대해 논의하고 있다. (사진=대한전선)","‘수교 60주년 방한’ 칼리드 알팔레 투자부 장관과 만남 사우디 초고압케이블 생산 법인 등 사업 확대방안 논의 “전력망 인프라 사업 더해 건설 토목 분야 투자도 검토” 대한전선(001440)은 지난 11일 오후 방한한 칼리드 알팔레(Khalid A. AlFalih) 사우디아라비아 투자부 장관과 만나 사우디 투자·사업 확대 방안 등에 대해 논의했다고 13일 밝혔다. 알팔레 장관은 올해 한국과 사우디의 수교 60주년을 맞아 방한했다. 이날 회담엔 알팔레 장관을 포함해 마디 알도사리(Mahdi N. AlDosary) 사우디 전력청 PDC(Saudi Electricity Project Development Co.) 최고경영자(CEO), 히샴 알마사우드(Hesham AlMasaud) 사우디 투자부 한국사무소 소장, 김선규 호반그룹 회장, 나형균 대한전선 사장과 김윤수 부사장, 김민성 호반산업 전무 등 양측 관계자들이 참석했다. 양측은 대한전선이 추진 중인 사우디 초고압케이블 생산 법인을 포함해 사우디 현지에서의 중장기적인 사업 확대 방안에 대한 의견을 나눴다. 앞서 지난달 26일 양측은 사우디 투자부가 리야드에서 주최한 ‘미래투자 이니셔티브(FII) 포럼’에서 사우디 초고압케이블 생산 법인에 대한 투자 협약을 체결한 이후 구체적으로 사업을 논의한 셈이다. 알팔레 장관은 현재 진행 중인 글로벌 공급망 회복 이니셔티브를 설명하면서 “사우디 전력망 인프라의 상당 부분을 구축해 온 대한전선이 이번 케이블 공장 투자를 통해 공급망 허브로의 도약에 중요한 역할을 할 것으로 기대된다”며 “호반그룹과 대한전선이 사우디에서 진행하는 대규모 인프라 사업에 적극적으로 참여해 줄 것을 요청드린다”고 말했다. 이에 김선규 호반그룹 회장은 “대한전선의 전력망 인프라 사업 분야뿐 아니라 호반그룹의 전문 영역인 건설 토목 분야에 대해서도 투자와 협력을 검토할 계획”이라고 화답했다. 나형균 대한전선 사장은 “사우디는 1970년대 대한전선이 통신 케이블을 수출하며 케이블 교역의 첫 포문을 연 이후, 50여년 동안 중요한 수출국이었다”며 “이번 현지 공장은 대한전선이 해외에 짓는 첫 초고압케이블 공장인 만큼 대한전선의 경쟁력 축적과 사우디에서의 사업 확대에 중요한 의미가 될 것”이라고 강조했다. 대한전선은 지난 6월 사우디 설계·조달·시공(EPC) 회사인 알 오자이미 그룹과 초고압케이블 생산을 위한 합작 법인 설립 계약을 체결하고 현지 공장 설립을 추진 중이다. 이는 대한전선이 2017년 사우디 최초의 고압급 전력기기 생산 법인을 세운 이후 약 5년 만에 사우디에서 진행하는 대규모 투자다. 김선규 호반그룹 회장, 나형균 대한전선 사장과 김윤수 부사장 등이 지난 11일 오후 방한한 칼리드 알팔레(Khalid A. AlFalih) 사우디아라비아 투자부 장관과 만나 사우디 투자·사업 확대 방안 등에 대해 논의하고 있다. (사진=대한전선)",https://imgnews.pstatic.net/image/018/2022/11/13/0005365909_001_20221113114501710.jpg?type=w647,https://n.news.naver.com/mnews/article/018/0005365909?sid=101,박순엽 기자,이데일리
section_society,폭우로 충남 침수피해 잇따라…천안서는 전신주 파손으로 '정전',2022-11-13,"폭우에 넘어진 항타기
(천안=연합뉴스) 12일 오후 11시 20분께 충남 천안시 서북구 백석동 장재천 인근 하천 정비 공사에 투입됐던 항타기가 폭우로 인해 넘어져 있다. 이 사고로 인근 전신주가 파손되며 백석동 일대 700여 세대 아파트를 포함 모두 192곳에서 정전이 이어졌다. 2022.11.13 [독자 송영훈 씨 제공. 재판매 및 DB 금지] coolee@yna.co.kr


(천안=연합뉴스) 이주형 기자 = 충남 지역에 내린 폭우로 대형 중장비가 쓰러지며 정전이 발생하는 등 피해가 잇따랐다.

13일 충남소방본부, 한국전력공사 등에 따르면 전날 오후 11시 20분께 충남 천안시 서북구 백석동 장재천 인근 하천 정비 공사에 투입됐던 항타기 일부가 파손되며 넘어졌다.

항타기가 인근 고압선을 덮치며 전신주 2기를 파손됐다.

이중 전신주 1기가 인근 주택 위로 쓰러졌지만 다행히 인명피해는 없는 것으로 확인됐다.

이 사고로 백석동 일대 700여 가구 아파트를 포함해 모두 192곳에서 정전이 이어졌다.

한전은 긴급 복구 작업을 벌여 이날 오전 0시 50분께 고압선 전기 공급을 재개했다.

아파트, 주택 등 130여 곳의 정전이 해제됐지만, 60여 곳은 오전 4시께가 돼서야 복구됐다.

한전 관계자는 ""현재 정전 복구 작업을 대부분 완료했지만 백석동 전신주 사고 지역 인근 8곳은 아직 복구작업 중""이라고 말했다.

항타기 일부가 쓰러지며 장재천이 범람해 인근 주택 10여 채가 침수됐다.

대전기상청에 따르면 천안시 서북구에는 전날 오후 8시부터 이날 오전 1시까지 52.5㎜의 비가 내렸다.

서산, 태안, 아산 등지에서도 폭우가 쏟아져 도로·주택침수 신고가 잇따랐다.

소방당국은 장비 52대, 인력 116명을 투입해 6곳의 배수를 지원했고 주택·상가 등 42곳의 안전조치를 완료했다.

소방당국 관계자는 ""폭우로 지반이 약해지면서 하천 인근의 중장비가 넘어진 것으로 보인다""며 ""다행히 인명피해는 발생하지 않았다""고 밝혔다.

충남도청 재난안전대책본부는 이날까지 충남 서해안과 천안, 아산 등 북부 내륙지역에 강풍이 예보됨에 따라 선박 1천876척을 결박한 데 이어 7개 항로 모두를 통제하는 등 기상상황에 따른 비상 근무를 이어갈 방침이다.

coolee@yna.co.kr","폭우에 넘어진 항타기 (천안=연합뉴스) 12일 오후 11시 20분께 충남 천안시 서북구 백석동 장재천 인근 하천 정비 공사에 투입됐던 항타기가 폭우로 인해 넘어져 있다. 이 사고로 인근 전신주가 파손되며 백석동 일대 700여 세대 아파트를 포함 모두 192곳에서 정전이 이어졌다. 2022.11.13 (천안=연합뉴스) = 충남 지역에 내린 폭우로 대형 중장비가 쓰러지며 정전이 발생하는 등 피해가 잇따랐다. 13일 충남소방본부, 한국전력공사 등에 따르면 전날 오후 11시 20분께 충남 천안시 서북구 백석동 장재천 인근 하천 정비 공사에 투입됐던 항타기 일부가 파손되며 넘어졌다. 항타기가 인근 고압선을 덮치며 전신주 2기를 파손됐다. 이중 전신주 1기가 인근 주택 위로 쓰러졌지만 다행히 인명피해는 없는 것으로 확인됐다. 이 사고로 백석동 일대 700여 가구 아파트를 포함해 모두 192곳에서 정전이 이어졌다. 한전은 긴급 복구 작업을 벌여 이날 오전 0시 50분께 고압선 전기 공급을 재개했다. 아파트, 주택 등 130여 곳의 정전이 해제됐지만, 60여 곳은 오전 4시께가 돼서야 복구됐다. 한전 관계자는 ""현재 정전 복구 작업을 대부분 완료했지만 백석동 전신주 사고 지역 인근 8곳은 아직 복구작업 중""이라고 말했다. 항타기 일부가 쓰러지며 장재천이 범람해 인근 주택 10여 채가 침수됐다. 대전기상청에 따르면 천안시 서북구에는 전날 오후 8시부터 이날 오전 1시까지 52.5㎜의 비가 내렸다. 서산, 태안, 아산 등지에서도 폭우가 쏟아져 도로·주택침수 신고가 잇따랐다. 소방당국은 장비 52대, 인력 116명을 투입해 6곳의 배수를 지원했고 주택·상가 등 42곳의 안전조치를 완료했다. 소방당국 관계자는 ""폭우로 지반이 약해지면서 하천 인근의 중장비가 넘어진 것으로 보인다""며 ""다행히 인명피해는 발생하지 않았다""고 밝혔다. 충남도청 재난안전대책본부는 이날까지 충남 서해안과 천안, 아산 등 북부 내륙지역에 강풍이 예보됨에 따라 선박 1천876척을 결박한 데 이어 7개 항로 모두를 통제하는 등 기상상황에 따른 비상 근무를 이어갈 방침이다.",https://imgnews.pstatic.net/image/001/2022/11/13/PYH2022111302210006300_P4_20221113152611329.jpg?type=w647,https://n.news.naver.com/mnews/article/001/0013571651?sid=102,이주형 기자,연합뉴스
section_society,'땅콩 회항' 조현아 전 대한항공 부사장 이혼 소송 4년 7개월만에 마무리,2022-11-13,"조현아 전 대한항공 부사장. 연합뉴스


'땅콩 회항' 사건으로 물의를 빚었던 조현아 전 대한항공 부사장(48)과 남편 박 모 씨의 이혼 소송이 약 4년 7개월 만에 결론 난다.

13일 법조계에 따르면 서울가정법원 가사합의4부 서형주 부장판사는 오는 17일 조 전 부사장과 남편 박 씨의 이혼 및 양육자 지정 소송 판결를 선고한다.

앞서 박 씨는 결혼 8년 만인 2018년 4월 조 전 부사장의 잦은 폭언과 폭행으로 더 이상 결혼생활을 유지하기 힘들다며, 조 전 부사장을 상대로 서울가정법원에 이혼 소송을 냈다. 이어 박 씨는 조 전 부사장이 쌍둥이 아이들을 학대했다고도 주장했다.

조 전 부사장 측은 남편의 알코올 중독과 아이들에 대한 무관심으로 결혼생활이 파탄 났다고 반박했다. 또한 아동학대 주장도 ""전혀 근거가 없다""며 일축했다.

박 씨가 2019년 2월 조 전 부사장을 특수상해, 아동복지법상 아동학대 등 혐의로 고소하며 형사 사건으로도 번졌다. 상해 혐의로 약식기소된 조 전 부사장은 2020년 4월 법원에서 벌금 300만 원의 약식명령을 받았다.

조 전 부사장과 박 씨는 초등학교 동창 사이로 지난 2010년 결혼해 슬하에 쌍둥이 자녀를 두고 있다.

한편 조 전 부사장은 2014년 미국 뉴욕 JFK공항에서 출발하려는 여객기의 항로를 위력으로 변경하는 이른바 '땅콩 회항' 사건으로 논란에 휩싸인 바 있다. 이 사건으로 대법원에서 징역 10개월에 집행유예 2년을 확정받았다.","조현아 전 대한항공 부사장. 연합뉴스 '땅콩 회항' 사건으로 물의를 빚었던 조현아 전 대한항공 부사장(48)과 남편 박 모 씨의 이혼 소송이 약 4년 7개월 만에 결론 난다. 13일 법조계에 따르면 서울가정법원 가사합의4부 서형주 부장판사는 오는 17일 조 전 부사장과 남편 박 씨의 이혼 및 양육자 지정 소송 판결를 선고한다. 앞서 박 씨는 결혼 8년 만인 2018년 4월 조 전 부사장의 잦은 폭언과 폭행으로 더 이상 결혼생활을 유지하기 힘들다며, 조 전 부사장을 상대로 서울가정법원에 이혼 소송을 냈다. 이어 박 씨는 조 전 부사장이 쌍둥이 아이들을 학대했다고도 주장했다. 조 전 부사장 측은 남편의 알코올 중독과 아이들에 대한 무관심으로 결혼생활이 파탄 났다고 반박했다. 또한 아동학대 주장도 ""전혀 근거가 없다""며 일축했다. 박 씨가 2019년 2월 조 전 부사장을 특수상해, 아동복지법상 아동학대 등 혐의로 고소하며 형사 사건으로도 번졌다. 상해 혐의로 약식기소된 조 전 부사장은 2020년 4월 법원에서 벌금 300만 원의 약식명령을 받았다. 조 전 부사장과 박 씨는 초등학교 동창 사이로 지난 2010년 결혼해 슬하에 쌍둥이 자녀를 두고 있다. 한편 조 전 부사장은 2014년 미국 뉴욕 JFK공항에서 출발하려는 여객기의 항로를 위력으로 변경하는 이른바 '땅콩 회항' 사건으로 논란에 휩싸인 바 있다. 이 사건으로 대법원에서 징역 10개월에 집행유예 2년을 확정받았다.",https://imgnews.pstatic.net/image/082/2022/11/13/0001183545_001_20221113153201259.jpg?type=w647,https://n.news.naver.com/mnews/article/082/0001183545?sid=102,류선지 기자,부산일보
section_society,"검찰, '산업부 블랙리스트 의혹' 박상혁 의원 소환 조사",2022-11-13,"문재인 정부 '산업부 블랙리스트 의혹'을 수사하는 검찰이 청와대 인사 업무 담당자였던 더불어민주당 박상혁 의원을 소환했습니다.

서울동부지방검찰청은 오늘(13일) 오전부터 당시 청와대 인사수석실 행정관이었던 박 의원을 불러 조사하고 있습니다.

검찰은 당시 청와대 행정관으로 재직했던 박 의원이 문재인 정부 초기인 지난 2017년부터 2018년 사이 산업부 산하기관 임원 채용 과정에 개입한 사실이 있는지 추궁한 거로 알려졌습니다,

검찰이 산업부 블랙리스트 의혹과 관련해 야당 의원을 조사하는 것은 처음으로, 청와대 개입 정황이 확인되면 '윗선'을 향한 수사가 본격화될 수 있다는 관측이 나옵니다.

※ '당신의 제보가 뉴스가 됩니다'
[카카오톡] YTN 검색해 채널 추가
[전화] 02-398-8585
[메일] social@ytn.co.kr","문재인 정부 '산업부 블랙리스트 의혹'을 수사하는 검찰이 청와대 인사 업무 담당자였던 더불어민주당 박상혁 의원을 소환했습니다. 서울동부지방검찰청은 오늘(13일) 오전부터 당시 청와대 인사수석실 행정관이었던 박 의원을 불러 조사하고 있습니다. 검찰은 당시 청와대 행정관으로 재직했던 박 의원이 문재인 정부 초기인 지난 2017년부터 2018년 사이 산업부 산하기관 임원 채용 과정에 개입한 사실이 있는지 추궁한 거로 알려졌습니다, 검찰이 산업부 블랙리스트 의혹과 관련해 야당 의원을 조사하는 것은 처음으로, 청와대 개입 정황이 확인되면 '윗선'을 향한 수사가 본격화될 수 있다는 관측이 나옵니다. ※ '당신의 제보가 뉴스가 됩니다' YTN 검색해 채널 추가 02-398-8585",https://newsimg.sedaily.com/2019/01/23/1VE5F3W5WP_18.png,https://n.news.naver.com/mnews/article/052/0001813098?sid=102,윤성훈 기자,YTN
section_society,"특수본, 사흘째 용산구청·소방서 직원들 소환",2022-11-13,"인파 사고 관련 안전대책 소홀히 한 경위 경위 추궁
이태원 핼러윈 참사를 수사중인 경찰청 특별수사본부(특수본) 관계자들이 8일 오후 서울 용산구청에서 구청장실 등 압수수색을 마친 뒤 압수품을 옮기고 있다. ⓒ데일리안 홍금표 기자
[데일리안 = 김하나 기자] 경찰의 이태원 참사 관련 수사가 인파 사고 발생 위험에 제대로 대비하지 못한 용산구청과 소방당국의 책임 규명에 초점이 맞춰지는 모양새다.

경찰청 특별수사본부(특수본)는 12일 용산구청과 용산소방서 직원 등을 참고인 신분으로 불러 참사가 발생한 이태원동 해밀톤호텔 옆 골목길에 대한 안전 관리와 점검이 충분했는지 등을 파악했다. 특수본은 10일부터 사흘 연속 두 기관 직원들을 불러 강도 높은 조사를 이어가고 있다. 재난안전법상 재난관리책임기관인 지방자치단체와 소방당국이 안전대책을 소홀히 한 책임을 명확히 규명하려는 것이다.

특수본은 두 기관이 재난안전법에 따라 이태원 일대의 인파 사고 위험 요소를 사전에 점검·관리하지 못한 게 직접적인 참사 원인이라고 보고 있다. 김동욱 특수본 대변인은 전날 브리핑에서 ""재난안전법상 긴급 구조기관인 소방 당국은 재난 발생 외에도 재난이 발생할 우려가 현저할 때도 필요한 모든 긴급 조치를 해야 할 의무가 있다""고 설명했다.

이태원 핼러윈 참사를 수사중인 경찰청 특별수사본부(특수본) 관계자들이 8일 오후 서울 용산구청에서 구청장실 등 압수수색을 마친 뒤 압수품을 옮기고 있다. ⓒ데일리안 홍금표 기자
특수본은 아울러 용산구청이 해밀톤호텔의 불법 증축 건축물을 방치해 인파 사고 위험을 키웠는지를 꼼꼼히 살펴보는 중이다. 또 해밀톤호텔 대표이사 이모(75) 씨와 용산구청의 유착 여부, 용산구청과 구의회가 올 4월 일반음식점에서도 음향시설을 갖추고 손님이 춤을 출 수 있게 허용한 조례를 제정한 탓에 피해가 커졌을 가능성 등도 수사 대상이다.

특수본은 서울교통공사와 이태원역이 참사 당일인 지난달 29일 오후부터 승객이 지하철 출구를 빠져나가지 못할 정도로 밀집했는데도 무정차 통과를 하지 않은 경위도 들여다보고 있다. 공사와 이태원역 측이 참사 전에 경찰의 무정차 통과 요청을 받고도 이행하지 않았다면 '부작위에 의한 직무유기' 혐의를 적용할 수 있다는 전망이 나온다.","인파 사고 관련 안전대책 소홀히 한 경위 경위 추궁 이태원 핼러윈 참사를 수사중인 경찰청 특별수사본부(특수본) 관계자들이 8일 오후 서울 용산구청에서 구청장실 등 압수수색을 마친 뒤 압수품을 옮기고 있다. ⓒ데일리안 경찰의 이태원 참사 관련 수사가 인파 사고 발생 위험에 제대로 대비하지 못한 용산구청과 소방당국의 책임 규명에 초점이 맞춰지는 모양새다. 경찰청 특별수사본부(특수본)는 12일 용산구청과 용산소방서 직원 등을 참고인 신분으로 불러 참사가 발생한 이태원동 해밀톤호텔 옆 골목길에 대한 안전 관리와 점검이 충분했는지 등을 파악했다. 특수본은 10일부터 사흘 연속 두 기관 직원들을 불러 강도 높은 조사를 이어가고 있다. 재난안전법상 재난관리책임기관인 지방자치단체와 소방당국이 안전대책을 소홀히 한 책임을 명확히 규명하려는 것이다. 특수본은 두 기관이 재난안전법에 따라 이태원 일대의 인파 사고 위험 요소를 사전에 점검·관리하지 못한 게 직접적인 참사 원인이라고 보고 있다. 김동욱 특수본 대변인은 전날 브리핑에서 ""재난안전법상 긴급 구조기관인 소방 당국은 재난 발생 외에도 재난이 발생할 우려가 현저할 때도 필요한 모든 긴급 조치를 해야 할 의무가 있다""고 설명했다. 이태원 핼러윈 참사를 수사중인 경찰청 특별수사본부(특수본) 관계자들이 8일 오후 서울 용산구청에서 구청장실 등 압수수색을 마친 뒤 압수품을 옮기고 있다. ⓒ데일리안 특수본은 아울러 용산구청이 해밀톤호텔의 불법 증축 건축물을 방치해 인파 사고 위험을 키웠는지를 꼼꼼히 살펴보는 중이다. 또 해밀톤호텔 대표이사 이모(75) 씨와 용산구청의 유착 여부, 용산구청과 구의회가 올 4월 일반음식점에서도 음향시설을 갖추고 손님이 춤을 출 수 있게 허용한 조례를 제정한 탓에 피해가 커졌을 가능성 등도 수사 대상이다. 특수본은 서울교통공사와 이태원역이 참사 당일인 지난달 29일 오후부터 승객이 지하철 출구를 빠져나가지 못할 정도로 밀집했는데도 무정차 통과를 하지 않은 경위도 들여다보고 있다. 공사와 이태원역 측이 참사 전에 경찰의 무정차 통과 요청을 받고도 이행하지 않았다면 '부작위에 의한 직무유기' 혐의를 적용할 수 있다는 전망이 나온다.",https://imgnews.pstatic.net/image/119/2022/11/13/0002657278_001_20221113020101266.jpeg?type=w647,https://n.news.naver.com/mnews/article/119/0002657278?sid=102,김하나 기자,데일리안
section_life,MB 정부 경제 설계자 강만수 전 기재부 장관 소설가 등단,2022-11-13,"뉴시스 자료사진
강만수(77) 전 기획재정부 장관이 소설가로 등단했다.

한국소설가협회는 제73회 한국소설신인상에 강 전 장관의 단편소설 ‘동백꽃처럼’과 김미영의 ‘체기’를 함께 선정했다고 13일 밝혔다. 통상산업부 차관과 재정경제원 차관을 거쳐 이명박 정부에서 기획재정부 장관을 지낸 강 전 장관은 국가경쟁력강화위원장, 산은금융그룹 회장 겸 산업은행장을 역임했다.

‘동백꽃처럼’은 법대를 졸업하고 행정고시 재정직에 합격해 공직 생활을 한 주인공이 50년 전의 첫사랑 해자와 다시 해후하는 내용을 그렸는데 서울대 법대를 졸업하고 엘리트 경제 관료의 길을 걸은 강 전 장관 자신의 삶을 그린 것으로 보인다. 그는 부산 경남고 재학 시절 문학도의 길을 걷겠다고 자퇴했다가 일 년 만에 복학했던 유명한 일화가 전해진다.

저서로 ‘현장에서 본 한국경제 30년’(2005년), ‘현장에서 본 경제위기 대응실록’(2013년) 등 경제 관련 서적이 있지만 소설을 쓴 것은 처음이다.

한국소설가협회는 한 해 네 차례 소설신인상을 뽑는데 심사위원은 당선작 두 편에 대해 “주제와 소재를 잘 지켜내는 능력이 돋보였고, 문장과 구성, 적절한 심리 묘사도 안정적이었다”고 평가했다.","뉴시스 자료사진 강만수(77) 전 기획재정부 장관이 소설가로 등단했다. 한국소설가협회는 제73회 한국소설신인상에 강 전 장관의 단편소설 ‘동백꽃처럼’과 김미영의 ‘체기’를 함께 선정했다고 13일 밝혔다. 통상산업부 차관과 재정경제원 차관을 거쳐 이명박 정부에서 기획재정부 장관을 지낸 강 전 장관은 국가경쟁력강화위원장, 산은금융그룹 회장 겸 산업은행장을 역임했다. ‘동백꽃처럼’은 법대를 졸업하고 행정고시 재정직에 합격해 공직 생활을 한 주인공이 50년 전의 첫사랑 해자와 다시 해후하는 내용을 그렸는데 서울대 법대를 졸업하고 엘리트 경제 관료의 길을 걸은 강 전 장관 자신의 삶을 그린 것으로 보인다. 그는 부산 경남고 재학 시절 문학도의 길을 걷겠다고 자퇴했다가 일 년 만에 복학했던 유명한 일화가 전해진다. 저서로 ‘현장에서 본 한국경제 30년’(2005년), ‘현장에서 본 경제위기 대응실록’(2013년) 등 경제 관련 서적이 있지만 소설을 쓴 것은 처음이다. 한국소설가협회는 한 해 네 차례 소설신인상을 뽑는데 심사위원은 당선작 두 편에 대해 “주제와 소재를 잘 지켜내는 능력이 돋보였고, 문장과 구성, 적절한 심리 묘사도 안정적이었다”고 평가했다.",https://imgnews.pstatic.net/image/081/2022/11/13/0003316541_001_20221113193201274.jpg?type=w647,https://n.news.naver.com/mnews/article/081/0003316541?sid=103,임병선 기자,서울신문
section_life,"이건희 컬렉션, 美 스미스소니언 전시 추진 논의중",2022-11-13,"현재 국립현대미술관 서울관에서 열리고 있는 'MMCA 이건희컬렉션 특별전'을 찾은 관람객들이 이중섭의 은지화를 살펴보고 있다. /사진=뉴시스
고(故) 이건희 삼성 회장 유족이 국가에 기증한 문화재와 미술품인 '이건희 컬렉션'을 미국 수도 워싱턴DC에 있는 스미스소니언 박물관에서 전시하는 방안이 논의 중이다.

13일 관련 업계 등에 따르면 체이스 로빈슨 스미스소니언 국립아시아예술박물관장은 지난 11일 방한 기간 중 국내 언론 등을 만나 ""윤성용 국립중앙박물관 관장과 '이건희 컬렉션' 전시 등에 대한 이야기를 나눴다""며 ""해당 논의가 진행 중""이라고 밝힌 것으로 전해졌다.

미국 워싱턴DC에 있는 스미스소니언은 국립아시아예술박물관을 비롯해 자연사박물관, 미술관 등 19개의 문화시설이 집결한 세계 최대 종합박물관 밀집 지역이다. 매년 약 3000만명의 관람객이 이곳을 찾고, 예산 규모만 2조1000억원에 달한다.

'이건희 컬렉션'의 스미스소니언 전시는 아직 논의 중인 상황으로 두 기관 모두 긍정적인 기류가 흐르고 있는 것으로 전해졌다.

실제로 윤성용 관장은 해외 유력 박물관과 미술관 등 복수 기관과 '이건희 컬렉션' 전시를 협의중이라고 밝힌 바 있다. 미국 메트로폴리탄 박물관(2025년), 미국 시카고 박물관(2026년) 등이 후보군으로 이름이 거론된 바 있다.

미국 워싱턴DC에 있는 스미스소니언 국립아시아예술박물관 / 사진=연합뉴스
체이스 로빈슨 관장은 10여년 전 한국을 찾은 뒤 2023년 국립아시아예술박물관 개관 100주년을 앞두고 한국을 다시 찾았다. 방한 중 한국의 다양한 기관을 찾고 특히 한국 작가를 비롯한 미술계에 다양한 협업을 구상 중이다. 미디어 아티스트 박찬경, 설치미술가 서도호 작가 등과 향후 함께 작업을 진행할 예정이다.

특히 100주년을 앞두고 단순히 과거의 소장품 전시에 그치지 않고 현대 미술이나 문화로도 영역을 넓힐 계획이다. 아직 아시아나 한국의 미술과 작품에 생소한 미국인에게 다양한 작품을 소개하고 전파하기 위해서다.

한편 국립현대미술관 서울관은 지난 8월부터 내년 4월 23일까지 '이건희컬렉션 특별전: 이중섭'전을 진행하고 있다. 이건희 전 회장 유족에게 기증받은 1488점 중 이중섭의 작품 90점, 국립현대미술관 소장 10점을 모아 총 100여점의 작품을 전시 중이다.","현재 국립현대미술관 서울관에서 열리고 있는 'MMCA 이건희컬렉션 특별전'을 찾은 관람객들이 이중섭의 은지화를 살펴보고 있다. /사진=뉴시스 고(故) 이건희 삼성 회장 유족이 국가에 기증한 문화재와 미술품인 '이건희 컬렉션'을 미국 수도 워싱턴DC에 있는 스미스소니언 박물관에서 전시하는 방안이 논의 중이다. 13일 관련 업계 등에 따르면 체이스 로빈슨 스미스소니언 국립아시아예술박물관장은 지난 11일 방한 기간 중 국내 언론 등을 만나 ""윤성용 국립중앙박물관 관장과 '이건희 컬렉션' 전시 등에 대한 이야기를 나눴다""며 ""해당 논의가 진행 중""이라고 밝힌 것으로 전해졌다. 미국 워싱턴DC에 있는 스미스소니언은 국립아시아예술박물관을 비롯해 자연사박물관, 미술관 등 19개의 문화시설이 집결한 세계 최대 종합박물관 밀집 지역이다. 매년 약 3000만명의 관람객이 이곳을 찾고, 예산 규모만 2조1000억원에 달한다. '이건희 컬렉션'의 스미스소니언 전시는 아직 논의 중인 상황으로 두 기관 모두 긍정적인 기류가 흐르고 있는 것으로 전해졌다. 실제로 윤성용 관장은 해외 유력 박물관과 미술관 등 복수 기관과 '이건희 컬렉션' 전시를 협의중이라고 밝힌 바 있다. 미국 메트로폴리탄 박물관(2025년), 미국 시카고 박물관(2026년) 등이 후보군으로 이름이 거론된 바 있다. 미국 워싱턴DC에 있는 스미스소니언 국립아시아예술박물관 / 사진=연합뉴스 체이스 로빈슨 관장은 10여년 전 한국을 찾은 뒤 2023년 국립아시아예술박물관 개관 100주년을 앞두고 한국을 다시 찾았다. 방한 중 한국의 다양한 기관을 찾고 특히 한국 작가를 비롯한 미술계에 다양한 협업을 구상 중이다. 미디어 아티스트 박찬경, 설치미술가 서도호 작가 등과 향후 함께 작업을 진행할 예정이다. 특히 100주년을 앞두고 단순히 과거의 소장품 전시에 그치지 않고 현대 미술이나 문화로도 영역을 넓힐 계획이다. 아직 아시아나 한국의 미술과 작품에 생소한 미국인에게 다양한 작품을 소개하고 전파하기 위해서다. 한편 국립현대미술관 서울관은 지난 8월부터 내년 4월 23일까지 '이건희컬렉션 특별전: 이중섭'전을 진행하고 있다. 이건희 전 회장 유족에게 기증받은 1488점 중 이중섭의 작품 90점, 국립현대미술관 소장 10점을 모아 총 100여점의 작품을 전시 중이다.",https://imgnews.pstatic.net/image/014/2022/11/13/0004927256_001_20221113160803864.jpg?type=w647,https://n.news.naver.com/mnews/article/014/0004927256?sid=103,이환주 기자,파이낸셜뉴스
section_life,"드디어 흑자 낸 쿠팡…""내년 이커머스 시장 재편할 것""",2022-11-12,"한국투자증권 보고서
[이미지출처=연합뉴스]


쿠팡이 미국 뉴욕 증시에 상장한 뒤 분기 기준 첫 영업이익 흑자를 낸 가운데, 내년도 이커머스 시장이 쿠팡 중심으로 개편될 것이라는 증권가 전망이 나왔다.

한국투자증권은 12일 ""쿠팡이 상장 후 처음으로 영업이익, 순이익이 흑자 전환했다""며 이같이 진단했다.

쿠팡의 올해 3분기 연결기준 매출액은 전년 동기 대비 10% 증가한 51억달러, 영업이익은 흑자 전환한 7742만달러를 기록했다. 이 기간 매출액은 원화 기준으로는 27% 늘었다. 순이익 역시 지난해 같은 기간 대비 흑자 전환한 9068만달러를 기록하며 주당순이익이 시장 기대치를 크게 웃돌았다.

영업이익이 흑자로 전환한 배경으로는 규모의 경제 달성과 기술 고도화를 통한 재고 손실 축소 등이 제시됐다. 쿠팡의 신선식품 재고 손실은 전년 동기 대비 절반으로 줄었다. 특히 지난 2분기에 직전 분기보다 감소세를 보였던 활성 고객 수가 1799만명을 기록하며 다시 증가세를 기록한 점이 매우 긍정적이라고 한국투자증권은 짚었다. 3분기 기준 쿠팡의 현금 및 현금성 자산은 29억달러(약 3조9000억원)에 달하는데, 쿠팡은 다음 목표 중 하나를 잉여현금흐름(FCF)의 흑자전환이라고 밝혔다.

내년 이커머스 시장이 쿠팡을 중심으로 재편될 것이라고 한국투자증권은 예상했다. 최근 이커머스 기업이 재정 위기를 겪는 가운데, 이미 규모의 경제를 이미 갖춘 쿠팡에 긍정적이라는 게 한국투자증권의 평가다. 경쟁 업체들의 재정 위기가 이커머스 시장의 경쟁 완화 요인이 될 수 있다는 이유에서다. 한국투자증권이 예상한 쿠팡의 2023년 온라인 시장 점유율은 전년 동기보다 3.8%포인트 증가한 24.5%, 소매시장 점유율은 1.6%포인트 늘어난 9.3%다. 온라인 시장 성장률이 둔화함에도 풀필먼트 서비스 강화 덕분에 오픈마켓 부문은 성장을 이어갈 것이라고 내다봤다.

쿠팡이 내년엔 연간 영업이익 기준으로도 흑자 전환할 수 있다는 게 한국투자증권의 전망이다. 쿠팡이 고금리 상황에 따라 공격적인 국내외 사업 확장보다는 수익성을 개선할 수 있는 광고 등 신사업 위주로 확장해 나갈 것이라는 이유다. 이처럼 쿠팡이 수익성 강화 전략을 펼친다고 가정했을 때 연간 영업이익 흑자전환 시점은 내년이 될 것이라고 추정했다.

김명주 한국투자증권 연구원은 ""커머스의 안정적인 수익 기여와 수익성 높은 신사업 강화로 2023년에 쿠팡은 수익성 개선과 밸류에이션 상승 모두 이룰 것""이라며 ""쿠팡에 대해 긍정적인 접근을 추천한다""고 조언했다.","한국투자증권 보고서 쿠팡이 미국 뉴욕 증시에 상장한 뒤 분기 기준 첫 영업이익 흑자를 낸 가운데, 내년도 이커머스 시장이 쿠팡 중심으로 개편될 것이라는 증권가 전망이 나왔다. 한국투자증권은 12일 ""쿠팡이 상장 후 처음으로 영업이익, 순이익이 흑자 전환했다""며 이같이 진단했다. 쿠팡의 올해 3분기 연결기준 매출액은 전년 동기 대비 10% 증가한 51억달러, 영업이익은 흑자 전환한 7742만달러를 기록했다. 이 기간 매출액은 원화 기준으로는 27% 늘었다. 순이익 역시 지난해 같은 기간 대비 흑자 전환한 9068만달러를 기록하며 주당순이익이 시장 기대치를 크게 웃돌았다. 영업이익이 흑자로 전환한 배경으로는 규모의 경제 달성과 기술 고도화를 통한 재고 손실 축소 등이 제시됐다. 쿠팡의 신선식품 재고 손실은 전년 동기 대비 절반으로 줄었다. 특히 지난 2분기에 직전 분기보다 감소세를 보였던 활성 고객 수가 1799만명을 기록하며 다시 증가세를 기록한 점이 매우 긍정적이라고 한국투자증권은 짚었다. 3분기 기준 쿠팡의 현금 및 현금성 자산은 29억달러(약 3조9000억원)에 달하는데, 쿠팡은 다음 목표 중 하나를 잉여현금흐름(FCF)의 흑자전환이라고 밝혔다. 내년 이커머스 시장이 쿠팡을 중심으로 재편될 것이라고 한국투자증권은 예상했다. 최근 이커머스 기업이 재정 위기를 겪는 가운데, 이미 규모의 경제를 이미 갖춘 쿠팡에 긍정적이라는 게 한국투자증권의 평가다. 경쟁 업체들의 재정 위기가 이커머스 시장의 경쟁 완화 요인이 될 수 있다는 이유에서다. 한국투자증권이 예상한 쿠팡의 2023년 온라인 시장 점유율은 전년 동기보다 3.8%포인트 증가한 24.5%, 소매시장 점유율은 1.6%포인트 늘어난 9.3%다. 온라인 시장 성장률이 둔화함에도 풀필먼트 서비스 강화 덕분에 오픈마켓 부문은 성장을 이어갈 것이라고 내다봤다. 쿠팡이 내년엔 연간 영업이익 기준으로도 흑자 전환할 수 있다는 게 한국투자증권의 전망이다. 쿠팡이 고금리 상황에 따라 공격적인 국내외 사업 확장보다는 수익성을 개선할 수 있는 광고 등 신사업 위주로 확장해 나갈 것이라는 이유다. 이처럼 쿠팡이 수익성 강화 전략을 펼친다고 가정했을 때 연간 영업이익 흑자전환 시점은 내년이 될 것이라고 추정했다. 김명주 한국투자증권 연구원은 ""커머스의 안정적인 수익 기여와 수익성 높은 신사업 강화로 2023년에 쿠팡은 수익성 개선과 밸류에이션 상승 모두 이룰 것""이라며 ""쿠팡에 대해 긍정적인 접근을 추천한다""고 조언했다.",https://imgnews.pstatic.net/image/277/2022/11/12/0005176258_001_20221112111602320.jpg?type=w647,https://n.news.naver.com/mnews/article/277/0005176258?sid=103,이명환 기자,아시아경제
section_world,"바이든, 아세안 정상들 만나 “규칙 기반 질서 위협에 공조”",2022-11-13,"조 바이든 미국 대통령이 12일(현지시간) 캄보디아 프놈펜에서 열린 아세안 초청 만찬에 참석헤 훈센 캄보디아 총리와 인사를 나누고 있다. AP연합뉴스


조 바이든 미국 대통령이 12일(현지시간) 아세안(ASEAN·동남아국가연합) 정상들과 만나 남중국해 갈등을 비롯해 ‘규칙 기반 질서’를 저해하는 역내 위협에 공동으로 대응해나가자고 밝혔다. 시진핑 중국 국가주석과의 정상회담을 앞두고 ‘중국 견제’ 메시지를 분명히 한 것으로 해석된다.

바이든 대통령은 이날 캄보디아 프놈펜에서 열린 제10차 미-아세안 정상회의 모두발언에서 “아세안은 미국의 인도·태평양 전략의 중심에 있다”며 아세안과 계속해서 긴밀한 협력을 강화하겠다고 밝혔다.

그는 특히 미국과 아세안이 공동 대처해야 하는 이슈로 기후변화, 보건안보와 더불어 “규칙 기반 질서와 법치주의에 대한 심각한 위협으로부터 지켜내는 것”을 꼽았다. 이어 “우리는 함께 자유롭고 열려있고 안정적이며, 번영하고 회복력 있고 안전한 인도·태평양 지역을 건설할 것”이라고 밝혔다. 그는 구체적으로 남중국해 영유권 갈등, 미얀마 사태 등에서 공조하겠다고 밝혔다.

바이든 대통령의 발언은 미·중 정상회담을 앞두고 중국에 대한 기선제압용 성격도 있는 것으로 보인다. 정치전문매체 폴리티코는 바이든 대통령이 이날 중국을 직접 언급하지는 않았지만 아세안 회원국들에 역내에서 커지는 중국의 영향력에 맞설 것을 약속했다고 지적했다.

바이든 행정부는 전임 도널드 트럼프 행정부 시기 미국 정상이 아세안 관련 정상회의에 참석하지 않은 것을 비판하며 바이든 대통령은 반드시 아세안 정상회의에 참석할 것이라고 밝혀왔다.

미국과 아세안은 이날 양자 관계를 포괄적 전략적 동반자 관계로 격상한다고도 발표했다. 앞서 지난해 10월 중국도 아세안과의 관계를 포괄적 전략적 동반자로 격상했다.

이날 바이든 대통령은 아세안과 미국이 “협력의 새 시대”를 맞았다며 동남아 지역의 전기차 생태계 구축을 위한 미-아세안 전기차 인프라 구상을 출범한다고 밝혔다.

또 미국 등 주요 7개국(G7)이 중국의 개발도상국 인프라 건설 프로젝트 ‘일대일로’에 대항해 출범한 ‘글로벌 인프라 투자 파트너십’(PGII) 차원에서 아세안의 필요에 근거해 지역 주민들을 지원하는 높은 수준의 지속가능한 인프라 건설을 위해 공동으로 개발하겠다고도 밝혔다.

한편 바이든 대통령은 모두발언을 통해 아세안 의장국 캄보디아에 사의를 표하는 과정에서 캄보디아를 콜롬비아로 잘못 말했다. 바이든 대통령은 앞서 11일 이집트 카이로에서 열린 기후변화협약 당사국총회(COP 27) 참석차 출국 전 기자들과 만난 자리에서도 “먼저 카이로에 갔다가 콜롬비아, 아니 캄보디아로 갈 것”이라고 말한 바 있다.","조 바이든 미국 대통령이 12일(현지시간) 캄보디아 프놈펜에서 열린 아세안 초청 만찬에 참석헤 훈센 캄보디아 총리와 인사를 나누고 있다. AP연합뉴스 조 바이든 미국 대통령이 12일(현지시간) 아세안(ASEAN·동남아국가연합) 정상들과 만나 남중국해 갈등을 비롯해 ‘규칙 기반 질서’를 저해하는 역내 위협에 공동으로 대응해나가자고 밝혔다. 시진핑 중국 국가주석과의 정상회담을 앞두고 ‘중국 견제’ 메시지를 분명히 한 것으로 해석된다. 바이든 대통령은 이날 캄보디아 프놈펜에서 열린 제10차 미-아세안 정상회의 모두발언에서 “아세안은 미국의 인도·태평양 전략의 중심에 있다”며 아세안과 계속해서 긴밀한 협력을 강화하겠다고 밝혔다. 그는 특히 미국과 아세안이 공동 대처해야 하는 이슈로 기후변화, 보건안보와 더불어 “규칙 기반 질서와 법치주의에 대한 심각한 위협으로부터 지켜내는 것”을 꼽았다. 이어 “우리는 함께 자유롭고 열려있고 안정적이며, 번영하고 회복력 있고 안전한 인도·태평양 지역을 건설할 것”이라고 밝혔다. 그는 구체적으로 남중국해 영유권 갈등, 미얀마 사태 등에서 공조하겠다고 밝혔다. 바이든 대통령의 발언은 미·중 정상회담을 앞두고 중국에 대한 기선제압용 성격도 있는 것으로 보인다. 정치전문매체 폴리티코는 바이든 대통령이 이날 중국을 직접 언급하지는 않았지만 아세안 회원국들에 역내에서 커지는 중국의 영향력에 맞설 것을 약속했다고 지적했다. 바이든 행정부는 전임 도널드 트럼프 행정부 시기 미국 정상이 아세안 관련 정상회의에 참석하지 않은 것을 비판하며 바이든 대통령은 반드시 아세안 정상회의에 참석할 것이라고 밝혀왔다. 미국과 아세안은 이날 양자 관계를 포괄적 전략적 동반자 관계로 격상한다고도 발표했다. 앞서 지난해 10월 중국도 아세안과의 관계를 포괄적 전략적 동반자로 격상했다. 이날 바이든 대통령은 아세안과 미국이 “협력의 새 시대”를 맞았다며 동남아 지역의 전기차 생태계 구축을 위한 미-아세안 전기차 인프라 구상을 출범한다고 밝혔다. 또 미국 등 주요 7개국(G7)이 중국의 개발도상국 인프라 건설 프로젝트 ‘일대일로’에 대항해 출범한 ‘글로벌 인프라 투자 파트너십’(PGII) 차원에서 아세안의 필요에 근거해 지역 주민들을 지원하는 높은 수준의 지속가능한 인프라 건설을 위해 공동으로 개발하겠다고도 밝혔다. 한편 바이든 대통령은 모두발언을 통해 아세안 의장국 캄보디아에 사의를 표하는 과정에서 캄보디아를 콜롬비아로 잘못 말했다. 바이든 대통령은 앞서 11일 이집트 카이로에서 열린 기후변화협약 당사국총회(COP 27) 참석차 출국 전 기자들과 만난 자리에서도 “먼저 카이로에 갔다가 콜롬비아, 아니 캄보디아로 갈 것”이라고 말한 바 있다.",https://imgnews.pstatic.net/image/032/2022/11/13/0003185829_001_20221113145901112.jpg?type=w647,https://n.news.naver.com/mnews/article/032/0003185829?sid=104,김유진 기자,경향신문
section_world,"단단히 화난 바이든, G20에서 빈 살만 외면",2022-11-12,"[사진 출처 = 연합뉴스]
조 바이든 미국 대통령이 오는 15일부터 인도네시아 발리에서 열리는 주요 20개국(G20) 정상회담에서 무함마드 빈 살만 사우디아라비아 왕세자와의 접견을 계획하지 않고 있다고 미 백악관이 밝혔다.

11일(현지시간) 로이터통신에 따르면 제이크 설리번 백악관 국가안보보좌관은 이날 캄보디아로 향하는 에어포스원 기내에서 취재진들에게 이같이 밝혔다.

앞서 조 바이든 대통령은 지난 7월 러시아의 우크라이나 침공 이후 급등한 유가 문제를 해결하기 위해 국내 반대를 무릅쓰고 사우디를 직접 방문했다. 지난 2018년 사우디계 미국 언론인인 워싱턴포스트의 칼럼니스트 자말 카슈끄지 피살 배후로 빈 살만 왕세자가 거론되면서 악화된 양국 관계를 해결하면서 사우디의 원유 증산을 원했기 때문이다.

하지만 사우디는 지난달 5일개최된 석유수출국기구(OPEC)를 포함한 산유국 협의체 OPEC+ 회의에서 미국의 만류에도 불구하고 원유 생산량을 하루 200만 배럴씩 줄이기로 한 합의를 주도한 것으로 알려졌다. 감산 결정 직후 바이든 대통령은 “사우디가 러시아 편에 섰다”며 “대가가 있을 것”이라고 경고했다.

지난달 16일(현지 시간) 설리번 보좌관도 “바이든 대통령이 중간선거를 앞두고 원유 감산을 결정한 사우디와의 관계를 재평가하는 과정에서 ‘체계적’으로 대응할 것이라고 말했다”고 전했다.",조 바이든 미국 대통령이 오는 15일부터 인도네시아 발리에서 열리는 주요 20개국(G20) 정상회담에서 무함마드 빈 살만 사우디아라비아 왕세자와의 접견을 계획하지 않고 있다고 미 백악관이 밝혔다. 11일(현지시간) 로이터통신에 따르면 제이크 설리번 백악관 국가안보보좌관은 이날 캄보디아로 향하는 에어포스원 기내에서 취재진들에게 이같이 밝혔다. 앞서 조 바이든 대통령은 지난 7월 러시아의 우크라이나 침공 이후 급등한 유가 문제를 해결하기 위해 국내 반대를 무릅쓰고 사우디를 직접 방문했다. 지난 2018년 사우디계 미국 언론인인 워싱턴포스트의 칼럼니스트 자말 카슈끄지 피살 배후로 빈 살만 왕세자가 거론되면서 악화된 양국 관계를 해결하면서 사우디의 원유 증산을 원했기 때문이다. 하지만 사우디는 지난달 5일개최된 석유수출국기구(OPEC)를 포함한 산유국 협의체 OPEC+ 회의에서 미국의 만류에도 불구하고 원유 생산량을 하루 200만 배럴씩 줄이기로 한 합의를 주도한 것으로 알려졌다. 감산 결정 직후 바이든 대통령은 “사우디가 러시아 편에 섰다”며 “대가가 있을 것”이라고 경고했다. 지난달 16일(현지 시간) 설리번 보좌관도 “바이든 대통령이 중간선거를 앞두고 원유 감산을 결정한 사우디와의 관계를 재평가하는 과정에서 ‘체계적’으로 대응할 것이라고 말했다”고 전했다.,https://imgnews.pstatic.net/image/009/2022/11/12/0005044119_001_20221112115401027.jpg?type=w647,https://n.news.naver.com/mnews/article/009/0005044119?sid=104,김제관 기자,매일경제
section_world,"1일→11일→비공개, 또 바뀐 알리바바 '중국판 블프' 실적",2022-11-13,"- 중국 정부의 소비활성화 정책에 '찬물' 우려로 비공개 결정 해석
2020년 11월 11일 중국 저장성 항저우의 알리바바 본사에서 열린 쌍십일 행사. 중국 인터넷 캡처.

【베이징=정지우 특파원】중국의 최대 온라인 쇼핑몰 업체 알리바바가 중국판 블랙프라이데이인 11·11 쇼핑 축제(쌍십일) 기간의 매출액을 올해는 공개하지 않았다. 시진핑 중국 국가주석의 '거대 인구 규모를 토대로 한 내수 활성화' 지시 직후여서 참담한 성적표를 공개하기 어려웠을 것이라는 분석이 나온다.

13일 펑파이신문 등 중국 매체에 따르면 알리바바 그룹은 전날 홈페이지에 올린 성명에서 쌍십일 행사에 대해 “거시적 환경의 도전과 코로나19의 영향에도 불구하고 지난해 상품 교역액(거래액)과 대등한 결과를 냈다”면서도 총매출액 수치는 발표 내용에 담지 않았다.

알리바바는 작년 쌍십일 행사 기간 거래액이 5403억 위안(약 101조원)으로 2020년 대비 8.45% 성장했다고 공개했었다. 작년 플러스 성장을 하긴 했지만 재작년에 2019년 대비 85.6% 성장을 이뤘던 것에 비하면 초라한 성적이다.

이런 상황에서 올해 성장 폭이 작년 수준에도 미치지 못했거나, 마이너스 성장을 기록하자 총매출을 공개하지 않기로 한 것 아니냐는 추측이 나온다.

홍콩 사우스차이나모닝포스트(SCMP)의 인터뷰에 응한 전자상거래 분석가 리웨이둥은 “아마도 결과가 공개하기에는 너무 암울했기 때문에 공개하지 않기로 한 것”이라고 말했다.

알리바바가 쌍십일 기간 판매액을 공개하지 않기는 행사를 시작한 2009년 이후 이번이 처음이다.

다만 축제 기간을 확대하고 매출액 집계 방식을 바꾸는 등 통계 마사지 사례는 있었다. 알리바바는 2019년까지는 11월 11일 하루를 축제 날로 잡았다. 11일 0시부터 대형 전광판을 켜놓고 매출액이 올라가는 것을 내외신에 홍보했다. 총 매출액도 하루 성적표다.

그러나 2020년부턴 11월 1일 시작되는 사전 판매기간이라는 제도를 도입했고 총매출액 역시 1~11일까지 11일간의 실적을 통째로 묶어 공개했다. 그러면서 ‘사상 최고치’라는 수식어로 포장했다.

당시 중국 정부가 코로나19 소비 활성화 대책을 대대적으로 내놓은 상태였기 때문에 정책 동력에 '찬물'을 끼얹을 수 있다는 부담감이 작용했을 것이라는 해석이 나왔었다.

공교롭게 올해는 시 주석이 지난 10월 16일 전국대표대회(당 대회) 업무보고에서 거대 인구 규모를 활용한 내수 확대를 지시했다. 소비력과 구매력은 내수 확대의 핵심이다. 따라서 시진핑 3기 출범과 동시에 비참한 성적표를 내놓으면 정부에 미운 털이 박힐 수도 있다. 이미 중국 국가통계국의 소비지표인 9월 소매판매는 전년동월대비 2.5%로 집계되며 전월의 반 토막 아래로 떨어졌다.

중국은 소비 쿠폰 발행, 보조금 지급 등 소비 살리기 대책을 끊임없이 추진하고 있지만 경제지표 가운데 유독 소비만 생기를 찾지 못하고 있다. 전문가들은 코로나19 재확산과 제로코로나 봉쇄로 소비자들이 만일의 상황에 대비, 소비보다 저축을 늘리고 있기 때문이라고 진단했다.","- 중국 정부의 소비활성화 정책에 '찬물' 우려로 비공개 결정 해석 2020년 11월 11일 중국 저장성 항저우의 알리바바 본사에서 열린 쌍십일 행사. 중국 인터넷 캡처. 【베이징=정지우 특파원】중국의 최대 온라인 쇼핑몰 업체 알리바바가 중국판 블랙프라이데이인 11·11 쇼핑 축제(쌍십일) 기간의 매출액을 올해는 공개하지 않았다. 시진핑 중국 국가주석의 '거대 인구 규모를 토대로 한 내수 활성화' 지시 직후여서 참담한 성적표를 공개하기 어려웠을 것이라는 분석이 나온다. 13일 펑파이신문 등 중국 매체에 따르면 알리바바 그룹은 전날 홈페이지에 올린 성명에서 쌍십일 행사에 대해 “거시적 환경의 도전과 코로나19의 영향에도 불구하고 지난해 상품 교역액(거래액)과 대등한 결과를 냈다”면서도 총매출액 수치는 발표 내용에 담지 않았다. 알리바바는 작년 쌍십일 행사 기간 거래액이 5403억 위안(약 101조원)으로 2020년 대비 8.45% 성장했다고 공개했었다. 작년 플러스 성장을 하긴 했지만 재작년에 2019년 대비 85.6% 성장을 이뤘던 것에 비하면 초라한 성적이다. 이런 상황에서 올해 성장 폭이 작년 수준에도 미치지 못했거나, 마이너스 성장을 기록하자 총매출을 공개하지 않기로 한 것 아니냐는 추측이 나온다. 홍콩 사우스차이나모닝포스트(SCMP)의 인터뷰에 응한 전자상거래 분석가 리웨이둥은 “아마도 결과가 공개하기에는 너무 암울했기 때문에 공개하지 않기로 한 것”이라고 말했다. 알리바바가 쌍십일 기간 판매액을 공개하지 않기는 행사를 시작한 2009년 이후 이번이 처음이다. 다만 축제 기간을 확대하고 매출액 집계 방식을 바꾸는 등 통계 마사지 사례는 있었다. 알리바바는 2019년까지는 11월 11일 하루를 축제 날로 잡았다. 11일 0시부터 대형 전광판을 켜놓고 매출액이 올라가는 것을 내외신에 홍보했다. 총 매출액도 하루 성적표다. 그러나 2020년부턴 11월 1일 시작되는 사전 판매기간이라는 제도를 도입했고 총매출액 역시 1~11일까지 11일간의 실적을 통째로 묶어 공개했다. 그러면서 ‘사상 최고치’라는 수식어로 포장했다. 당시 중국 정부가 코로나19 소비 활성화 대책을 대대적으로 내놓은 상태였기 때문에 정책 동력에 '찬물'을 끼얹을 수 있다는 부담감이 작용했을 것이라는 해석이 나왔었다. 공교롭게 올해는 시 주석이 지난 10월 16일 전국대표대회(당 대회) 업무보고에서 거대 인구 규모를 활용한 내수 확대를 지시했다. 소비력과 구매력은 내수 확대의 핵심이다. 따라서 시진핑 3기 출범과 동시에 비참한 성적표를 내놓으면 정부에 미운 털이 박힐 수도 있다. 이미 중국 국가통계국의 소비지표인 9월 소매판매는 전년동월대비 2.5%로 집계되며 전월의 반 토막 아래로 떨어졌다. 중국은 소비 쿠폰 발행, 보조금 지급 등 소비 살리기 대책을 끊임없이 추진하고 있지만 경제지표 가운데 유독 소비만 생기를 찾지 못하고 있다. 전문가들은 코로나19 재확산과 제로코로나 봉쇄로 소비자들이 만일의 상황에 대비, 소비보다 저축을 늘리고 있기 때문이라고 진단했다.",https://imgnews.pstatic.net/image/014/2022/11/13/0004927258_001_20221113161803912.jpg?type=w647,https://n.news.naver.com/mnews/article/014/0004927258?sid=104,정지우 기자,파이낸셜뉴스
section_world,"젤렌스키 ""러, 헤르손 모든 기반시설 파괴…하지만 회복할 것""",2022-11-13,"러시아군이 우크라이나 남부 요충지 헤르손에서 퇴각하면서 주요 기반시설을 모두 파괴했다고 볼로디미르 젤렌스키 우크라이나 대통령이 전했습니다.

로이터 통신에 따르면 젤렌스키 대통령은 현지시간 12일 화상 연설에서 ""러시아 점령자들이 헤르손에서 달아나기 전에 통신, 수도, 난방, 전기 등 모든 주요 기반시설을 파괴했다""고 말했습니다.

그러면서 ""러시아인들은 어디서든 사람들에게 최대한 굴욕감을 준다는 같은 목표를 가지고 있는 듯하다""며 ""하지만 우리는 모든 것을 회복할 것""이라고 덧붙였습니다.

우크라이나는 개전 직후인 지난 3월 초 러시아에 헤르손을 빼앗겼으나 지난 11일 8개월 만에 수복했습니다.

러시아 국방부도 ""헤르손 철수 작전을 완료했다""며 퇴각을 공식화했습니다.

(사진=게티이미지코리아)","러시아군이 우크라이나 남부 요충지 헤르손에서 퇴각하면서 주요 기반시설을 모두 파괴했다고 볼로디미르 젤렌스키 우크라이나 대통령이 전했습니다. 로이터 통신에 따르면 젤렌스키 대통령은 현지시간 12일 화상 연설에서 ""러시아 점령자들이 헤르손에서 달아나기 전에 통신, 수도, 난방, 전기 등 모든 주요 기반시설을 파괴했다""고 말했습니다. 그러면서 ""러시아인들은 어디서든 사람들에게 최대한 굴욕감을 준다는 같은 목표를 가지고 있는 듯하다""며 ""하지만 우리는 모든 것을 회복할 것""이라고 덧붙였습니다. 우크라이나는 개전 직후인 지난 3월 초 러시아에 헤르손을 빼앗겼으나 지난 11일 8개월 만에 수복했습니다. 러시아 국방부도 ""헤르손 철수 작전을 완료했다""며 퇴각을 공식화했습니다. (사진=게티이미지코리아)",https://imgnews.pstatic.net/image/055/2022/11/13/0001012727_001_20221113115301181.jpg?type=w647,https://n.news.naver.com/mnews/article/055/0001012727?sid=104,배재학 기자,SBS
section_world,"美 민주당, 네바다주 역전승 50석 확보…상원 다수당 수성(종합)",2022-11-13,"주요 언론·에디슨 리서치 예측…조지아주 결과에 따라 51대49이냐 50대50이냐
개표 후반에도 공화당이 앞서다가 반전…슈머 원내대표 ""민주당 다시 다수당"" 승리선언
하원은 공화 박빙 승리 귀결될 듯…NBC ""공화 219석, 민주 216석""


(워싱턴DC EPA=연합뉴스) 조 바이든 미국 대통령이 10일(현지시간) 워싱턴DC 하워드 극장에서 열린 민주당 전국위원회(DNC) 행사에서 중간선거 후 첫 대중연설을 하고 있다. 바이든 대통령은 이번 중간선거에서 민주당이 선전했다고 평가한 뒤 공화당과의 협치를 강조하며 여야 지도부를 백악관에 초청하겠다고 밝혔다. 2022.11.11 clynnkim@yna.co.kr


(서울=연합뉴스) 김지연 기자 = 미국 민주당이 지난 8일(현지시간) 치러진 중간선거에서 상원 다수당 지위를 유지하게 됐다.

AP통신과 CNN 방송, 에디슨 리서치 등은 12일 네바다주에서 민주당 캐서린 콜테즈 매스토 상원의원이 공화당 애덤 랙설트 후보를 상대로 승리를 거둘 것으로 예측했다.

CNN방송과 워싱턴포스트(WP), 뉴욕타임스(NYT) 등은 12일 민주당이 상원을 수성하게 됐다고 일제히 보도했다.

현지 시각으로 이날 밤 10시 17분 현재 개표율 96% 상태에서 매스토 의원은 48.7%를 득표해 랙설트 후보(48.2%)와 0.5%포인트 차의 격차를 보이고 있다. 불과 4천822표 차다.

척 슈머 민주당 상원 원내대표는 트위터에 ""당신의 상원 민주 다수당!""이라는 글을 올린 데 이어 ""민주당이 상원에서 다시 다수당이 될 것""이라고 승리를 선언했다.

이번 상원선거에서 네바다 주는 초접전 지역으로 남아 있었다. 랙설트 후보가 개표 진행 중반을 넘어가도록 선두였다가 매스토 의원이 막판에 이를 뒤집으면서 역전극을 연출했다.

전날 애리조나주에서 민주당 마크 켈리 상원의원이 공화당 블레이크 매스터스 후보를 누르고 당선을 확정지으면서 상원 의석수는 민주당 49석 대 공화당 49석으로 동률을 이룬 바 있다.

네바다에서 매스토 의원이 최종 승리하면 상원 의석수는 민주당 50석 대 공화당 49석이 된다.

마지막으로 남은 조지아주는 과반 득표 후보가 없어 다음달 6일 결선투표를 진행할 예정인데, 이 결과에 상관없이 민주당이 상원 다수당 지위를 지킬 수 있게 됐다.

조지아에서 공화당 허셜 워커 후보가 승리해 의석수가 50대 50이 된다고 해도 카멀라 해리스 부통령이 당연직 상원의장으로서 캐스팅 보트를 행사할 수 있기 때문이다.

민주당 라파엘 워녹 현 상원의원이 지난 8일 첫 투표와 마찬가지로 승리하면 민주당과 공화당 의석 비율은 51대 49가 된다.

새로 선출된 상원의원들은 내년 1월 3일 취임한다.

[그래픽] 미국 중간선거 상원의원 주요 경합지 개표 결과
(서울=연합뉴스) 김영은 기자 = 0eun@yna.co.kr
트위터 @yonhap_graphics 페이스북 tuney.kr/LeYN1


""미 민주당 네바다 추가, 50석 확보…상원선거 승리 유력"" (CG)
[연합뉴스TV 제공]


이번 중간선거에서 공화당의 하원 승리가 기정사실화되고 있지만 표차가 크지 않은 상황인데다 상원도 민주당이 다수당 위치를 유지함에 따라 민주당이 예상보다 선전한 것으로 평가받는다.

특히 상원에서 다수당 지위 유지는 조 바이든 대통령에게 '큰 승리'를 안겨주는 것이라고 로이터 통신은 전했다.

민주당이 상원을 장악하면 바이든 대통령으로서는 대법원을 포함한 연방 판사 임명 절차가 더 원활해진다. 상원은 위원회 조정이나 바이든 행정부에 대한 조사 및 감독 권한이 있고 공화당이 장악하게 될 하원에서 보낸 입법안을 거부할 수도 있다.

다만, 중대한 입법 결정에 필요한 60표에는 여전히 미치지 못해 한계가 있을 것으로 관측됐다.

CNN 방송은 이번 선거에서 민주당이 예상 밖의 선전을 한 것은 젊은 유권자들의 지지 덕분이라고 분석하기도 했다.

슈머 원내대표는 ""이번 선거는 민주당과 우리의 의제, 우리의 성취, 그리고 미국과 미국 국민을 위한 승리이자 정당성""이라고 자평했다.

하원과 관련, NBC 방송은 공화당이 다수당 기준인 218석을 넘은 219석을 확보해 민주당 216석에 앞선 것으로 전하고 있다. CNN 방송은 공화당 211석, 민주당 204석으로 예측된다고 전했다.

하원 선거 개표도 초박빙으로 진행되고 있어 최종 의석 수는 달라질 수 있다.

cherora@yna.co.kr","주요 언론·에디슨 리서치 예측…조지아주 결과에 따라 51대49이냐 50대50이냐 개표 후반에도 공화당이 앞서다가 반전…슈머 원내대표 ""민주당 다시 다수당"" 승리선언 하원은 공화 박빙 승리 귀결될 듯…NBC ""공화 219석, 민주 216석"" (워싱턴DC EPA=연합뉴스) 조 바이든 미국 대통령이 10일(현지시간) 워싱턴DC 하워드 극장에서 열린 민주당 전국위원회(DNC) 행사에서 중간선거 후 첫 대중연설을 하고 있다. 바이든 대통령은 이번 중간선거에서 민주당이 선전했다고 평가한 뒤 공화당과의 협치를 강조하며 여야 지도부를 백악관에 초청하겠다고 밝혔다. 2022.11.11 (서울=연합뉴스) = 미국 민주당이 지난 8일(현지시간) 치러진 중간선거에서 상원 다수당 지위를 유지하게 됐다. AP통신과 CNN 방송, 에디슨 리서치 등은 12일 네바다주에서 민주당 캐서린 콜테즈 매스토 상원의원이 공화당 애덤 랙설트 후보를 상대로 승리를 거둘 것으로 예측했다. CNN방송과 워싱턴포스트(WP), 뉴욕타임스(NYT) 등은 12일 민주당이 상원을 수성하게 됐다고 일제히 보도했다. 현지 시각으로 이날 밤 10시 17분 현재 개표율 96% 상태에서 매스토 의원은 48.7%를 득표해 랙설트 후보(48.2%)와 0.5%포인트 차의 격차를 보이고 있다. 불과 4천822표 차다. 척 슈머 민주당 상원 원내대표는 트위터에 ""당신의 상원 민주 다수당!""이라는 글을 올린 데 이어 ""민주당이 상원에서 다시 다수당이 될 것""이라고 승리를 선언했다. 이번 상원선거에서 네바다 주는 초접전 지역으로 남아 있었다. 랙설트 후보가 개표 진행 중반을 넘어가도록 선두였다가 매스토 의원이 막판에 이를 뒤집으면서 역전극을 연출했다. 전날 애리조나주에서 민주당 마크 켈리 상원의원이 공화당 블레이크 매스터스 후보를 누르고 당선을 확정지으면서 상원 의석수는 민주당 49석 대 공화당 49석으로 동률을 이룬 바 있다. 네바다에서 매스토 의원이 최종 승리하면 상원 의석수는 민주당 50석 대 공화당 49석이 된다. 마지막으로 남은 조지아주는 과반 득표 후보가 없어 다음달 6일 결선투표를 진행할 예정인데, 이 결과에 상관없이 민주당이 상원 다수당 지위를 지킬 수 있게 됐다. 조지아에서 공화당 허셜 워커 후보가 승리해 의석수가 50대 50이 된다고 해도 카멀라 해리스 부통령이 당연직 상원의장으로서 캐스팅 보트를 행사할 수 있기 때문이다. 민주당 라파엘 워녹 현 상원의원이 지난 8일 첫 투표와 마찬가지로 승리하면 민주당과 공화당 의석 비율은 51대 49가 된다. 새로 선출된 상원의원들은 내년 1월 3일 취임한다. 미국 중간선거 상원의원 주요 경합지 개표 결과 (서울=연합뉴스) = 트위터 @yonhap_graphics 페이스북 tuney.kr/LeYN1 ""미 민주당 네바다 추가, 50석 확보…상원선거 승리 유력"" (CG) 이번 중간선거에서 공화당의 하원 승리가 기정사실화되고 있지만 표차가 크지 않은 상황인데다 상원도 민주당이 다수당 위치를 유지함에 따라 민주당이 예상보다 선전한 것으로 평가받는다. 특히 상원에서 다수당 지위 유지는 조 바이든 대통령에게 '큰 승리'를 안겨주는 것이라고 로이터 통신은 전했다. 민주당이 상원을 장악하면 바이든 대통령으로서는 대법원을 포함한 연방 판사 임명 절차가 더 원활해진다. 상원은 위원회 조정이나 바이든 행정부에 대한 조사 및 감독 권한이 있고 공화당이 장악하게 될 하원에서 보낸 입법안을 거부할 수도 있다. 다만, 중대한 입법 결정에 필요한 60표에는 여전히 미치지 못해 한계가 있을 것으로 관측됐다. CNN 방송은 이번 선거에서 민주당이 예상 밖의 선전을 한 것은 젊은 유권자들의 지지 덕분이라고 분석하기도 했다. 슈머 원내대표는 ""이번 선거는 민주당과 우리의 의제, 우리의 성취, 그리고 미국과 미국 국민을 위한 승리이자 정당성""이라고 자평했다. 하원과 관련, NBC 방송은 공화당이 다수당 기준인 218석을 넘은 219석을 확보해 민주당 216석에 앞선 것으로 전하고 있다. CNN 방송은 공화당 211석, 민주당 204석으로 예측된다고 전했다. 하원 선거 개표도 초박빙으로 진행되고 있어 최종 의석 수는 달라질 수 있다.",https://imgnews.pstatic.net/image/001/2022/11/13/PYH2022111103210034000_P4_20221113135811812.jpg?type=w647,https://n.news.naver.com/mnews/article/001/0013571860?sid=104,김지연 기자,연합뉴스
section_it,"LGU+ ""내년부터 현대차그룹 커넥티드카 무선통신 독점공급""",2022-11-13,"커넥티드카(스마트카)(PG)
[제작 이태호]


(서울=연합뉴스) 오규진 기자 = LG유플러스는 내년 1월부터 커넥티드카 서비스를 이용하는 모든 현대자동차·기아·제네시스 차량에 무선통신(텔레매틱스) 회선을 공급한다고 13일 밝혔다.

LG유플러스 관계자는 ""계약 때문에 정확한 내용을 공개하기는 어렵다""면서도 ""2023년 생산분부터 다년간 현대차그룹에 회선을 독점 공급하기로 했다""고 설명했다.

커넥티드카는 무선으로 차량을 원격 관리하고 운행 정보를 사고 예방 등에 활용하는 서비스다.

LG유플러스는 현대차그룹 전용 통신인프라를 구축하고, 전담 운영조직을 신설했으며, 커넥티드카 관련 연구개발 투자를 이어가고 있다.

특히 온도·진동·먼지·습기 등 극한 환경에서도 차량 시스템을 보호할 수 있는 전장부품 인증규격(AEC-Q100)을 획득한 내장형가입자식별모듈(eUICC)을 도입하고 관련 시스템을 구축했다.

LG유플러스는 현대모비스의 미래차 '소프트웨어 개발협력생태계 컨소시엄'에 참여하고 있으며, 웹 플랫폼 기업 오비고에 지분을 투자하는 등 커넥티드카 생태계 확산에도 힘을 쏟고 있다.

최택진 LG유플러스 기업부문장(부사장)은 ""현대차그룹 통신 파트너로서 최고 서비스를 제공하고, 인포테인먼트 및 콘텐츠, LG그룹 전장사업 역량을 결합해 고객 성공에 기여하겠다""고 말했다.

한편 KT도 지난 9월 현대차그룹과 7천500억 원 규모 지분을 맞교환한 이후 미래 모빌리티 분야 협력 가능성을 모색 중이며, 커넥티드 카 솔루션을 상용차와 건설기계, 농기계 등으로 확장하는 방안을 추진하고 있다.

acdc@yna.co.kr","커넥티드카(스마트카)(PG) (서울=연합뉴스) = LG유플러스는 내년 1월부터 커넥티드카 서비스를 이용하는 모든 현대자동차·기아·제네시스 차량에 무선통신(텔레매틱스) 회선을 공급한다고 13일 밝혔다. LG유플러스 관계자는 ""계약 때문에 정확한 내용을 공개하기는 어렵다""면서도 ""2023년 생산분부터 다년간 현대차그룹에 회선을 독점 공급하기로 했다""고 설명했다. 커넥티드카는 무선으로 차량을 원격 관리하고 운행 정보를 사고 예방 등에 활용하는 서비스다. LG유플러스는 현대차그룹 전용 통신인프라를 구축하고, 전담 운영조직을 신설했으며, 커넥티드카 관련 연구개발 투자를 이어가고 있다. 특히 온도·진동·먼지·습기 등 극한 환경에서도 차량 시스템을 보호할 수 있는 전장부품 인증규격(AEC-Q100)을 획득한 내장형가입자식별모듈(eUICC)을 도입하고 관련 시스템을 구축했다. LG유플러스는 현대모비스의 미래차 '소프트웨어 개발협력생태계 컨소시엄'에 참여하고 있으며, 웹 플랫폼 기업 오비고에 지분을 투자하는 등 커넥티드카 생태계 확산에도 힘을 쏟고 있다. 최택진 LG유플러스 기업부문장(부사장)은 ""현대차그룹 통신 파트너로서 최고 서비스를 제공하고, 인포테인먼트 및 콘텐츠, LG그룹 전장사업 역량을 결합해 고객 성공에 기여하겠다""고 말했다. 한편 KT도 지난 9월 현대차그룹과 7천500억 원 규모 지분을 맞교환한 이후 미래 모빌리티 분야 협력 가능성을 모색 중이며, 커넥티드 카 솔루션을 상용차와 건설기계, 농기계 등으로 확장하는 방안을 추진하고 있다.",https://imgnews.pstatic.net/image/001/2022/11/13/C0A8CA3C0000015C4E7E669E00036368_P4_20221113103207908.jpeg?type=w647,https://n.news.naver.com/mnews/article/001/0013571676?sid=105,오규진 기자,연합뉴스
section_it,나만의 AI 목소리 만든다 KT '마이 AI 보이스' 출시,2022-11-13,"KT가 나만의 인공지능(AI) 목소리를 쉽고 편하게 제작할 수 있는 '마이AI보이스' 서비스를 출시했다고 13일 밝혔다.

KT AI 보이스 스튜디오 홈페이지에 접속해 월 1만2000원(라이트 요금제 기준)만 내면 누구나 내 목소리가 더빙된 AI 보이스 서비스를 체험할 수 있다.

'마이AI보이스'는 30개 예시 문장을 녹음하면 내 목소리와 닮은 AI 보이스를 만들어준다. AI 전문가가 아닌 일반인도 쉽게 자신의 육성으로 AI 목소리를 제작할 수 있으며 우리말뿐만 아니라 영어, 중국어, 일본어, 스페인어 음성도 합성해 만들 수 있다.","KT가 나만의 인공지능(AI) 목소리를 쉽고 편하게 제작할 수 있는 '마이AI보이스' 서비스를 출시했다고 13일 밝혔다. KT AI 보이스 스튜디오 홈페이지에 접속해 월 1만2000원(라이트 요금제 기준)만 내면 누구나 내 목소리가 더빙된 AI 보이스 서비스를 체험할 수 있다. '마이AI보이스'는 30개 예시 문장을 녹음하면 내 목소리와 닮은 AI 보이스를 만들어준다. AI 전문가가 아닌 일반인도 쉽게 자신의 육성으로 AI 목소리를 제작할 수 있으며 우리말뿐만 아니라 영어, 중국어, 일본어, 스페인어 음성도 합성해 만들 수 있다.",https://newsimg.sedaily.com/2019/01/23/1VE5F3W5WP_18.png,https://n.news.naver.com/mnews/article/009/0005044351?sid=105,나현준 기자,매일경제
section_it,"4대 과기원 예산 교육부 이관 ‘없던 일로’…“과기정통부, 기재부와 협의 완료”",2022-11-13,"과기원 예산 편성 놓고 기재부·과학계 충돌

카이스트(KAIST·한국과학기술원) 정문 전경. /카이스트(KAIST·한국과학기술원)

4대 과학기술원(KAIST·GIST·UNIST·DGIST) 예산 재원을 과학기술정보통신부에서 교육부로 이관하려는 기획재정부의 안이 무산됐다.

13일 과학기술정보통신부는 “4대 과학기술원의 예산을 특별회계로 이관하지 않기로 기재부와 협의 완료했다”고 밝혔다.

과학기술원에는 한국과학기술원(KAIST), 광주과학기술원(GIST), 대구경북과학기술원(DGIST), 울산과학기술원(UNIST) 등이 있다. 이들 과학기술원은 과학기술분야 고급 인재를 양성하고 우수 연구성과를 창출한다는 설립취지에 따라, 교육부가 아닌 과기정통부 소관으로 운영되고 있었다.

하지만 기획재정부는 최근 ‘고등·평생교육 특별회계’(가칭) 신설을 추진하면서, 과학기술원의 예산을 특별회계로 이관한다는 방침을 밝혔다. 특별회계 신설은 인구구조 변화 등 환경변화에 맞춰 교육교부금 운용 정책을 개편하는 과정에서 추진되고 있다. 재정당국은 특별회계에 과학기술원이 포함되면 더 많은 재정 지원이 가능해진다는 취지였다.

그러나 과학기술원을 중심으로 한 과학기술계는 이 방침이 현실화할 경우 과학기술원의 특성화 정책을 펴기 어려워질 수 있다고 우려했다. 논란이 커지자 과기정통부는 지난 12일부터 4대 과학기술원 총장, 부총장 등과의 회의를 통해 과학기술원들의 최종 입장을 확인했다.

과기정통부는 이날 “4대 과학기술원 모두 특별회계로 과학기술원 예산을 이관하는 것에 대해 반대했고 이런 내용을 기획재정부에 전달했다”라고 설명했다.","과기원 예산 편성 놓고 기재부·과학계 충돌 카이스트(KAIST·한국과학기술원) 정문 전경. /카이스트(KAIST·한국과학기술원) 4대 과학기술원(KAIST·GIST·UNIST·DGIST) 예산 재원을 과학기술정보통신부에서 교육부로 이관하려는 기획재정부의 안이 무산됐다. 13일 과학기술정보통신부는 “4대 과학기술원의 예산을 특별회계로 이관하지 않기로 기재부와 협의 완료했다”고 밝혔다. 과학기술원에는 한국과학기술원(KAIST), 광주과학기술원(GIST), 대구경북과학기술원(DGIST), 울산과학기술원(UNIST) 등이 있다. 이들 과학기술원은 과학기술분야 고급 인재를 양성하고 우수 연구성과를 창출한다는 설립취지에 따라, 교육부가 아닌 과기정통부 소관으로 운영되고 있었다. 하지만 기획재정부는 최근 ‘고등·평생교육 특별회계’(가칭) 신설을 추진하면서, 과학기술원의 예산을 특별회계로 이관한다는 방침을 밝혔다. 특별회계 신설은 인구구조 변화 등 환경변화에 맞춰 교육교부금 운용 정책을 개편하는 과정에서 추진되고 있다. 재정당국은 특별회계에 과학기술원이 포함되면 더 많은 재정 지원이 가능해진다는 취지였다. 그러나 과학기술원을 중심으로 한 과학기술계는 이 방침이 현실화할 경우 과학기술원의 특성화 정책을 펴기 어려워질 수 있다고 우려했다. 논란이 커지자 과기정통부는 지난 12일부터 4대 과학기술원 총장, 부총장 등과의 회의를 통해 과학기술원들의 최종 입장을 확인했다. 과기정통부는 이날 “4대 과학기술원 모두 특별회계로 과학기술원 예산을 이관하는 것에 대해 반대했고 이런 내용을 기획재정부에 전달했다”라고 설명했다.",https://imgnews.pstatic.net/image/366/2022/11/13/0000854553_001_20221113185703208.JPG?type=w647,https://n.news.naver.com/mnews/article/366/0000854553?sid=105,김명지 기자,조선비즈
section_it,"""경북에 게임기업이 40개가 넘는다고?""…비약적으로 발전하는 경북 게임",2022-11-13,"경북TP 게임기업 인큐베이팅 효과
경북을 대표하는 게임축제인 '2022 경북 게임 페스티벌'이 12, 13일 이틀간 경산시 삼풍동 경북테크노파크 일원에서 열렸다. 12일 오후 유명 게임에 등장하는 캐릭터의 의상과 분장을 재현한 코스프레팀이 포즈를 취하고 있다. 올해로 4년째 개최되는 이번 축제는 경상북도와 경산시가 주최하고 경북테크노파크가 주관하는 지역 대표 게임축제다. 정운철 기자 woon@imaeil.com


""경북에 게임 기업이 40개가 넘는다고요? 놀라운 성장인데요.""

대구 IT 업계에서 '2022 경북 게임 페스티벌' 관련 소식을 접하고 보인 첫 반응이다. 경북 게임 콘텐츠를 한 자리에 모은 '경북 게임 페스티벌'이 지난 13일 끝이 났다. 행사 주관 기관인 경북테크노파크(이하 경북TP)가 ""경북 게임산업은 2016년 3개사 규모로 시작해, 현재는 41개 기업이 경북에 있다""고 소개하자 대구 업계가 놀라움을 감추지 못했다.

'농도(農都) 경북'이 '게임 도시'로 체질 개선에 한창이다. 대구경북 대학의 게임 관련 학과만 20여 개가 있어, 경북 게임산업이 활성화되면 지역 인재 유출도 줄어들 것으로 기대된다.

13일 경상북도에 따르면 경북도와 경산시, 경북TP는 2015년부터 게임산업의 가능성에 주목, 2016년 10월 지역의 새로운 성장 동력을 마련하기 위해 경북TP 글로벌벤처동 1층에 게임 기업 인큐베이팅 공간인 경북글로벌게임센터를 만들었다.

그해 경북은 문화체육관광부의 '지역기반 게임산업 육성 사업'에도 선정돼 ▷인건비, 외주용역비 등 게임 개발 지원 ▷고도화, 퍼블리싱 등 게임 후속 지원 ▷글로벌게임센터 입주사 임대료, 관리비, 테스트베드 무상 지원 ▷게임 제작 관련 과정 교육 등 게임인 양성에 나서는 등 현재까지 경북형 게임 인프라 구축에 한창이다.

경북도 관계자는 ""구미와 경산에 있는 게임 관련 학과 학생들이 아이디어 만으로도 창업에 도전해볼 수 있는 인큐베이팅 프로그램이 경북 게임 산업 성장의 주요 밑거름""이라면서 ""인큐베이팅 프로그램이 없던 2015년에는 게임 관련 기업이 1개사에 불과했다. 그런데 2019년 27개사, 2020년 31개사 등 갈수록 업체 수가 늘고 산업 외연이 커지고 있다""고 설명했다.

경북 게임 산업이 내실도 다져가고 있다. 안동에 자리한 ㈜해피스케치는 올해 지역연계 첨단 CT 실증 사업에 선정돼 국내 최초 메타버스와 오프라인 간 콘텐츠를 연동해 호평을 받고 있다.

경산의 씨온엔터테인먼트는 2016년부터 '호보트 런', '배틀벅스 아레나' 등 모바일 게임을 개발·운영하고 있다. 특히 '배틀벅스 아레나'는 예천 대표 캐릭터 코니·페디를 게임 캐릭터로 활용하고 예천곤충생태원 및 대표 랜드마크를 게임에 구현해 게임을 활용한 지역 관광 산업 활성화의 좋은 선례로 유명하다.

그럼에도 경북 게임 산업은 여전히 갈 길이 멀다.

지난해 콘텐츠산업통계 조사에 따르면 경북 41개 게임 제작·배급사의 평균 매출액은 3억7천만원 수준이다. 같은 조사에서 70개사가 활동 중인 대구는 평균 매출액이 8억원이었다. 경북이 성장세를 타고 있지만 여전히 대도시인 대구에 비교하면 매출 규모가 절반에 불과한 실정이다.

한국 IT 산업의 중심인 경기도 성남시 판교와 비교하면 그 격차는 더욱 커진다. 판교에는 534개 기업 활동 중이며, 평균 매출액도 76억원에 달한다.

정명교 경북도 인공지능산업팀장은 ""판교는 엔씨소프트, 넥슨, 스마일게이트, 크래프톤, 네오위즈 등 국내 최상위 게임 기업이 다수 포진해 있어 아직은 비교 자체가 어불성설""이라고 말했다.

이어 정 팀장은 ""경북 게임 기업 수가 빠르게 늘고 성과도 올라오고 있지만 경북 게임 기업 모두가 자생력을 갖추진 못했다. 그럼에도 지속적인 지원을 통해 지역 청년 일자리 창출과 지역 경제 활성화라는 선순환 모델을 확립하고, 나아가 경북의 미래를 이끌어갈 새로운 산업을 개척하는 것이 목표""라고 강조했다.

경북을 대표하는 게임축제인 '2022 경북 게임 페스티벌'이 12, 13일 이틀간 경산시 삼풍동 경북테크노파크 일원에서 열렸다. 12일 오후 유명 게임에 등장하는 캐릭터의 의상과 분장을 재현한 코스프레팀이 포즈를 취하고 있다. 올해로 4년째 개최되는 이번 축제는 경상북도와 경산시가 주최하고 경북테크노파크가 주관하는 지역 대표 게임축제다. 정운철 기자 woon@imaeil.com","경북TP 게임기업 인큐베이팅 효과 경북을 대표하는 게임축제인 '2022 경북 게임 페스티벌'이 12, 13일 이틀간 경산시 삼풍동 경북테크노파크 일원에서 열렸다. 12일 오후 유명 게임에 등장하는 캐릭터의 의상과 분장을 재현한 코스프레팀이 포즈를 취하고 있다. 올해로 4년째 개최되는 이번 축제는 경상북도와 경산시가 주최하고 경북테크노파크가 주관하는 지역 대표 게임축제다. ""경북에 게임 기업이 40개가 넘는다고요? 놀라운 성장인데요."" 대구 IT 업계에서 '2022 경북 게임 페스티벌' 관련 소식을 접하고 보인 첫 반응이다. 경북 게임 콘텐츠를 한 자리에 모은 '경북 게임 페스티벌'이 지난 13일 끝이 났다. 행사 주관 기관인 경북테크노파크(이하 경북TP)가 ""경북 게임산업은 2016년 3개사 규모로 시작해, 현재는 41개 기업이 경북에 있다""고 소개하자 대구 업계가 놀라움을 감추지 못했다. '농도(農都) 경북'이 '게임 도시'로 체질 개선에 한창이다. 대구경북 대학의 게임 관련 학과만 20여 개가 있어, 경북 게임산업이 활성화되면 지역 인재 유출도 줄어들 것으로 기대된다. 13일 경상북도에 따르면 경북도와 경산시, 경북TP는 2015년부터 게임산업의 가능성에 주목, 2016년 10월 지역의 새로운 성장 동력을 마련하기 위해 경북TP 글로벌벤처동 1층에 게임 기업 인큐베이팅 공간인 경북글로벌게임센터를 만들었다. 그해 경북은 문화체육관광부의 '지역기반 게임산업 육성 사업'에도 선정돼 ▷인건비, 외주용역비 등 게임 개발 지원 ▷고도화, 퍼블리싱 등 게임 후속 지원 ▷글로벌게임센터 입주사 임대료, 관리비, 테스트베드 무상 지원 ▷게임 제작 관련 과정 교육 등 게임인 양성에 나서는 등 현재까지 경북형 게임 인프라 구축에 한창이다. 경북도 관계자는 ""구미와 경산에 있는 게임 관련 학과 학생들이 아이디어 만으로도 창업에 도전해볼 수 있는 인큐베이팅 프로그램이 경북 게임 산업 성장의 주요 밑거름""이라면서 ""인큐베이팅 프로그램이 없던 2015년에는 게임 관련 기업이 1개사에 불과했다. 그런데 2019년 27개사, 2020년 31개사 등 갈수록 업체 수가 늘고 산업 외연이 커지고 있다""고 설명했다. 경북 게임 산업이 내실도 다져가고 있다. 안동에 자리한 ㈜해피스케치는 올해 지역연계 첨단 CT 실증 사업에 선정돼 국내 최초 메타버스와 오프라인 간 콘텐츠를 연동해 호평을 받고 있다. 경산의 씨온엔터테인먼트는 2016년부터 '호보트 런', '배틀벅스 아레나' 등 모바일 게임을 개발·운영하고 있다. 특히 '배틀벅스 아레나'는 예천 대표 캐릭터 코니·페디를 게임 캐릭터로 활용하고 예천곤충생태원 및 대표 랜드마크를 게임에 구현해 게임을 활용한 지역 관광 산업 활성화의 좋은 선례로 유명하다. 그럼에도 경북 게임 산업은 여전히 갈 길이 멀다. 지난해 콘텐츠산업통계 조사에 따르면 경북 41개 게임 제작·배급사의 평균 매출액은 3억7천만원 수준이다. 같은 조사에서 70개사가 활동 중인 대구는 평균 매출액이 8억원이었다. 경북이 성장세를 타고 있지만 여전히 대도시인 대구에 비교하면 매출 규모가 절반에 불과한 실정이다. 한국 IT 산업의 중심인 경기도 성남시 판교와 비교하면 그 격차는 더욱 커진다. 판교에는 534개 기업 활동 중이며, 평균 매출액도 76억원에 달한다. 정명교 경북도 인공지능산업팀장은 ""판교는 엔씨소프트, 넥슨, 스마일게이트, 크래프톤, 네오위즈 등 국내 최상위 게임 기업이 다수 포진해 있어 아직은 비교 자체가 어불성설""이라고 말했다. 이어 정 팀장은 ""경북 게임 기업 수가 빠르게 늘고 성과도 올라오고 있지만 경북 게임 기업 모두가 자생력을 갖추진 못했다. 그럼에도 지속적인 지원을 통해 지역 청년 일자리 창출과 지역 경제 활성화라는 선순환 모델을 확립하고, 나아가 경북의 미래를 이끌어갈 새로운 산업을 개척하는 것이 목표""라고 강조했다. 경북을 대표하는 게임축제인 '2022 경북 게임 페스티벌'이 12, 13일 이틀간 경산시 삼풍동 경북테크노파크 일원에서 열렸다. 12일 오후 유명 게임에 등장하는 캐릭터의 의상과 분장을 재현한 코스프레팀이 포즈를 취하고 있다. 올해로 4년째 개최되는 이번 축제는 경상북도와 경산시가 주최하고 경북테크노파크가 주관하는 지역 대표 게임축제다.",https://imgnews.pstatic.net/image/088/2022/11/13/0000784000_001_20221113184203173.jpg?type=w647,https://n.news.naver.com/mnews/article/088/0000784000?sid=105,홍준표 기자,매일신문
section_it,"美매체 ""갤버즈2 프로, 에어팟 프로2보다 낫다""",2022-11-13,"삼성전자의 무선 이어폰 '갤럭시버즈2 프로(사진)'가 경쟁 제품인 애플 '애어팟 프로2'에 비해 핵심 기능에서 뛰어나다는 평가가 미국 유력 매체에서 나왔다.

13일 미국 CNN언더스코어드는 '애플 에어팟 프로2와 삼성 갤럭시 버즈2 프로의 대결, 어느 이어버드가 더 좋은가'라는 기사에서 '종합 우승자'로 갤럭시 버즈2를 선정했다. 장점으로는 △편안한 착용감 △넓은 음역대 △고해상도 오디오가 꼽혔다.

착용감 평가에서는 ""에어팟 프로는 상징적인 외관을 자랑하지만 갤럭시 버즈2 프로가 더 편안하다""고 평했다. IPX7 등급의 방수 성능을 갖춰 운동할 때 효과적이고, 4가지의 색상은 소비자의 선택의 폭을 넓힌다고도 평했다. 특히 무광택 처리 덕분에 일상적인 마모를 막을 수 있다고 밝혔다.

오디오 기기의 핵심 성능인 음질 평가에서도 갤럭시 버즈2 프로가 더 높은 점수를 받았다. 이 매체는 ""두 제품 모두 훌륭한 사운드를 제공하지만 24비트의 고해상도 오디오 스트리밍이 가능한 갤럭시 버즈2 프로가 더 낫다""고 평했다. 다만, 액티브노이즈캔슬링(ANC)과 주변음 허용 모드, 배터리 사용 시간 등은 에어팟 프로2가 더 낫다고 밝혔다. 이 매체는 ""종합 우승자로는 좀더 편안한 디자인과 폭넓은 음역, 하이파이 오디오 지원 등을 갖춘 갤럭시 버즈2 프로를 꼽아야 할 것""이라고 덧붙였다.

갤럭시버즈2 프로. 삼성전자 홈페이지 갈무리","삼성전자의 무선 이어폰 '갤럭시버즈2 프로(사진)'가 경쟁 제품인 애플 '애어팟 프로2'에 비해 핵심 기능에서 뛰어나다는 평가가 미국 유력 매체에서 나왔다. 13일 미국 CNN언더스코어드는 '애플 에어팟 프로2와 삼성 갤럭시 버즈2 프로의 대결, 어느 이어버드가 더 좋은가'라는 기사에서 '종합 우승자'로 갤럭시 버즈2를 선정했다. 장점으로는 △편안한 착용감 △넓은 음역대 △고해상도 오디오가 꼽혔다. 착용감 평가에서는 ""에어팟 프로는 상징적인 외관을 자랑하지만 갤럭시 버즈2 프로가 더 편안하다""고 평했다. IPX7 등급의 방수 성능을 갖춰 운동할 때 효과적이고, 4가지의 색상은 소비자의 선택의 폭을 넓힌다고도 평했다. 특히 무광택 처리 덕분에 일상적인 마모를 막을 수 있다고 밝혔다. 오디오 기기의 핵심 성능인 음질 평가에서도 갤럭시 버즈2 프로가 더 높은 점수를 받았다. 이 매체는 ""두 제품 모두 훌륭한 사운드를 제공하지만 24비트의 고해상도 오디오 스트리밍이 가능한 갤럭시 버즈2 프로가 더 낫다""고 평했다. 다만, 액티브노이즈캔슬링(ANC)과 주변음 허용 모드, 배터리 사용 시간 등은 에어팟 프로2가 더 낫다고 밝혔다. 이 매체는 ""종합 우승자로는 좀더 편안한 디자인과 폭넓은 음역, 하이파이 오디오 지원 등을 갖춘 갤럭시 버즈2 프로를 꼽아야 할 것""이라고 덧붙였다. 갤럭시버즈2 프로. 삼성전자 홈페이지 갈무리",https://imgnews.pstatic.net/image/029/2022/11/13/0002765756_001_20221113201503797.jpg?type=w647,https://n.news.naver.com/mnews/article/029/0002765756?sid=105,김나인 기자,디지털타임스
